timestamp,temperature_C,humidity_%,soil_moisture_%,CO_ppm,VOC_ppb
2025-01-14 00:00:00,13.0,64.2,70.0,0.56,278.4
2025-01-14 00:10:00,17.6,42.3,69.4,1.3,381.4
2025-01-14 00:20:00,15.9,56.8,68.9,0.39,305.0
2025-01-14 00:30:00,14.8,51.1,68.3,0.2,249.6
2025-01-14 00:40:00,11.2,61.7,67.7,0.2,344.8
2025-01-14 00:50:00,11.2,44.4,67.2,1.42,385.7
2025-01-14 01:00:00,10.5,57.3,66.6,0.81,116.4
2025-01-14 01:10:00,16.9,61.0,66.1,0.67,394.9
2025-01-14 01:20:00,14.8,63.6,65.5,1.24,135.0
2025-01-14 01:30:00,15.7,57.1,64.9,1.27,346.2
2025-01-14 01:40:00,10.2,52.4,64.4,0.57,191.3
2025-01-14 01:50:00,17.8,55.4,63.8,1.07,148.3
2025-01-14 02:00:00,16.7,61.7,63.2,1.18,237.6
2025-01-14 02:10:00,11.7,54.3,62.7,1.02,296.7
2025-01-14 02:20:00,11.5,40.8,62.1,0.31,220.5
2025-01-14 02:30:00,11.5,63.3,61.5,1.33,125.8
2025-01-14 02:40:00,12.4,57.2,61.0,0.85,283.8
2025-01-14 02:50:00,14.2,56.9,60.4,0.5,371.7
2025-01-14 03:00:00,13.5,45.4,59.9,0.7,221.1
2025-01-14 03:10:00,12.3,56.5,59.3,0.15,172.7
2025-01-14 03:20:00,14.9,49.8,58.7,0.28,238.3
2025-01-14 03:30:00,11.1,56.3,58.2,1.17,124.0
2025-01-14 03:40:00,12.3,42.7,57.6,0.1,347.9
2025-01-14 03:50:00,12.9,56.4,57.0,0.68,349.6
2025-01-14 04:00:00,13.6,65.0,56.5,0.83,280.5
2025-01-14 04:10:00,16.3,41.2,55.9,0.18,212.4
2025-01-14 04:20:00,11.6,64.4,55.4,1.46,341.9
2025-01-14 04:30:00,14.1,50.2,54.8,0.42,270.9
2025-01-14 04:40:00,14.7,61.8,54.2,0.53,349.5
2025-01-14 04:50:00,10.4,59.6,53.7,0.53,293.1
2025-01-14 05:00:00,14.9,54.2,53.1,0.42,337.5
2025-01-14 05:10:00,11.4,58.5,52.5,0.1,283.6
2025-01-14 05:20:00,10.5,62.0,52.0,1.12,230.1
2025-01-14 05:30:00,17.6,50.1,51.4,1.45,387.8
2025-01-14 05:40:00,17.7,48.2,50.8,0.41,266.9
2025-01-14 05:50:00,16.5,56.7,50.3,1.03,285.5
2025-01-14 06:00:00,12.4,60.2,49.7,1.14,73.9
2025-01-14 06:10:00,10.8,59.1,49.2,1.29,191.4
2025-01-14 06:20:00,15.5,59.9,48.6,0.69,175.8
2025-01-14 06:30:00,13.5,50.9,48.0,0.52,63.6
2025-01-14 06:40:00,11.0,60.4,47.5,0.56,27.3
2025-01-14 06:50:00,14.0,43.0,46.9,1.1,185.3
2025-01-14 07:00:00,10.3,53.6,46.3,1.24,231.5
2025-01-14 07:10:00,17.3,40.1,45.8,0.35,161.8
2025-01-14 07:20:00,12.1,48.1,45.2,0.62,75.8
2025-01-14 07:30:00,15.3,49.2,44.6,1.36,203.3
2025-01-14 07:40:00,12.5,49.9,44.1,1.23,33.2
2025-01-14 07:50:00,14.2,57.4,43.5,1.48,138.1
2025-01-14 08:00:00,14.4,49.7,43.0,1.16,57.4
2025-01-14 08:10:00,11.5,51.2,42.4,0.65,63.5
2025-01-14 08:20:00,17.8,45.9,41.8,0.93,68.7
2025-01-14 08:30:00,16.2,49.3,41.3,1.03,122.1
2025-01-14 08:40:00,17.5,45.7,40.7,0.21,24.8
2025-01-14 08:50:00,17.2,41.8,40.1,0.86,125.4
2025-01-14 09:00:00,14.8,55.1,39.6,1.09,158.4
2025-01-14 09:10:00,17.4,56.7,39.0,0.33,150.2
2025-01-14 09:20:00,10.7,55.5,38.5,1.19,121.0
2025-01-14 09:30:00,11.6,51.6,37.9,0.92,253.4
2025-01-14 09:40:00,10.4,49.5,37.3,1.43,52.1
2025-01-14 09:50:00,12.6,61.6,36.8,0.16,156.7
2025-01-14 10:00:00,13.1,53.0,36.2,0.47,28.0
2025-01-14 10:10:00,12.2,52.0,35.6,0.94,30.6
2025-01-14 10:20:00,16.6,40.6,35.1,0.52,176.4
2025-01-14 10:30:00,12.9,48.5,34.5,1.1,174.1
2025-01-14 10:40:00,12.2,49.5,33.9,1.16,264.6
2025-01-14 10:50:00,14.3,50.0,33.4,0.24,171.8
2025-01-14 11:00:00,11.1,54.5,32.8,0.82,288.3
2025-01-14 11:10:00,16.4,53.3,32.3,0.81,24.1
2025-01-14 11:20:00,10.6,55.2,31.7,0.62,38.4
2025-01-14 11:30:00,17.9,59.1,31.1,1.41,22.8
2025-01-14 11:40:00,16.2,60.3,30.6,1.26,63.7
2025-01-14 11:50:00,11.6,58.0,30.0,1.08,167.0
2025-01-14 12:00:00,10.0,63.9,30.0,1.1,197.2
2025-01-14 12:10:00,16.5,40.5,30.6,0.75,23.2
2025-01-14 12:20:00,15.7,44.9,31.1,1.39,284.3
2025-01-14 12:30:00,15.8,40.2,31.7,1.07,254.2
2025-01-14 12:40:00,16.2,56.2,32.3,1.12,96.0
2025-01-14 12:50:00,10.6,62.5,32.8,1.31,32.4
2025-01-14 13:00:00,12.9,46.1,33.4,0.48,59.3
2025-01-14 13:10:00,10.9,63.2,33.9,1.23,46.8
2025-01-14 13:20:00,16.9,41.5,34.5,0.37,45.8
2025-01-14 13:30:00,15.0,63.4,35.1,0.58,160.4
2025-01-14 13:40:00,12.6,48.8,35.6,0.57,81.3
2025-01-14 13:50:00,10.5,42.5,36.2,1.47,113.9
2025-01-14 14:00:00,12.5,52.1,36.8,1.3,297.0
2025-01-14 14:10:00,12.6,46.4,37.3,1.08,208.5
2025-01-14 14:20:00,15.8,47.1,37.9,1.12,285.2
2025-01-14 14:30:00,15.1,47.7,38.5,0.89,51.3
2025-01-14 14:40:00,17.1,60.1,39.0,1.43,120.8
2025-01-14 14:50:00,13.8,53.5,39.6,0.79,170.9
2025-01-14 15:00:00,11.0,47.8,40.1,0.63,32.3
2025-01-14 15:10:00,15.7,55.3,40.7,0.33,11.2
2025-01-14 15:20:00,16.1,57.9,41.3,1.2,204.4
2025-01-14 15:30:00,14.5,46.8,41.8,1.13,196.1
2025-01-14 15:40:00,16.2,50.3,42.4,0.64,129.1
2025-01-14 15:50:00,14.0,43.0,43.0,0.14,152.0
2025-01-14 16:00:00,14.2,44.5,43.5,1.27,130.5
2025-01-14 16:10:00,13.4,57.0,44.1,0.12,17.0
2025-01-14 16:20:00,10.2,44.5,44.6,1.09,107.3
2025-01-14 16:30:00,10.9,53.1,45.2,1.46,61.4
2025-01-14 16:40:00,10.3,57.7,45.8,0.71,38.5
2025-01-14 16:50:00,15.1,42.7,46.3,0.43,287.4
2025-01-14 17:00:00,12.5,54.2,46.9,1.09,183.8
2025-01-14 17:10:00,14.1,46.4,47.5,1.24,221.3
2025-01-14 17:20:00,17.3,64.1,48.0,0.87,101.5
2025-01-14 17:30:00,12.0,52.1,48.6,1.45,124.0
2025-01-14 17:40:00,13.3,60.1,49.2,0.17,78.7
2025-01-14 17:50:00,16.0,53.8,49.7,0.81,38.1
2025-01-14 18:00:00,11.8,41.1,50.3,1.11,161.9
2025-01-14 18:10:00,10.6,55.8,50.8,1.31,341.3
2025-01-14 18:20:00,12.3,63.8,51.4,0.35,306.5
2025-01-14 18:30:00,11.3,55.0,52.0,1.22,268.6
2025-01-14 18:40:00,17.4,60.5,52.5,0.87,247.8
2025-01-14 18:50:00,16.5,62.1,53.1,0.66,377.5
2025-01-14 19:00:00,15.1,45.7,53.7,0.28,131.1
2025-01-14 19:10:00,17.0,45.3,54.2,1.31,191.4
2025-01-14 19:20:00,16.4,55.3,54.8,0.32,211.5
2025-01-14 19:30:00,11.5,50.3,55.4,0.53,336.9
2025-01-14 19:40:00,17.1,61.0,55.9,0.51,397.8
2025-01-14 19:50:00,14.3,62.5,56.5,1.32,179.8
2025-01-14 20:00:00,16.5,48.8,57.0,1.04,363.5
2025-01-14 20:10:00,17.2,45.9,57.6,1.22,350.9
2025-01-14 20:20:00,12.5,59.5,58.2,0.45,175.2
2025-01-14 20:30:00,10.9,46.9,58.7,0.97,225.8
2025-01-14 20:40:00,11.8,60.6,59.3,0.9,228.8
2025-01-14 20:50:00,13.4,50.6,59.9,1.27,393.7
2025-01-14 21:00:00,16.5,56.7,60.4,1.37,162.5
2025-01-14 21:10:00,16.9,42.4,61.0,0.12,341.8
2025-01-14 21:20:00,10.1,55.6,61.5,1.04,206.9
2025-01-14 21:30:00,14.1,51.3,62.1,0.17,322.0
2025-01-14 21:40:00,13.3,54.7,62.7,0.87,231.8
2025-01-14 21:50:00,11.8,44.2,63.2,0.5,277.7
2025-01-14 22:00:00,11.0,58.4,63.8,0.53,351.5
2025-01-14 22:10:00,12.7,61.6,64.4,0.59,343.2
2025-01-14 22:20:00,17.5,45.4,64.9,0.97,361.3
2025-01-14 22:30:00,12.6,42.4,65.5,0.57,127.3
2025-01-14 22:40:00,14.2,40.6,66.1,1.13,310.7
2025-01-14 22:50:00,15.6,56.0,66.6,0.67,150.6
2025-01-14 23:00:00,12.9,55.2,67.2,0.2,230.6
2025-01-14 23:10:00,17.8,53.7,67.7,1.2,269.1
2025-01-14 23:20:00,17.7,45.8,68.3,0.5,226.8
2025-01-14 23:30:00,12.0,49.8,68.9,0.71,260.7
2025-01-14 23:40:00,14.0,54.9,69.4,1.06,399.0
2025-01-14 23:50:00,12.4,52.4,70.0,0.57,149.2
2025-01-15 00:00:00,12.3,64.7,70.0,0.18,305.9
2025-01-15 00:10:00,10.3,43.4,69.4,0.62,224.8
2025-01-15 00:20:00,14.9,57.4,68.9,1.42,148.6
2025-01-15 00:30:00,14.0,50.1,68.3,1.0,156.0
2025-01-15 00:40:00,10.4,50.7,67.7,1.04,385.3
2025-01-15 00:50:00,12.2,57.9,67.2,0.99,365.1
2025-01-15 01:00:00,17.3,57.3,66.6,0.38,373.0
2025-01-15 01:10:00,11.9,64.8,66.1,0.69,397.5
2025-01-15 01:20:00,11.2,43.2,65.5,1.15,170.4
2025-01-15 01:30:00,13.9,42.6,64.9,0.24,213.1
2025-01-15 01:40:00,17.9,58.1,64.4,0.49,304.1
2025-01-15 01:50:00,11.9,54.5,63.8,0.49,250.3
2025-01-15 02:00:00,15.4,46.9,63.2,0.7,231.3
2025-01-15 02:10:00,16.1,42.0,62.7,1.47,213.8
2025-01-15 02:20:00,11.9,42.1,62.1,0.19,282.2
2025-01-15 02:30:00,15.8,62.4,61.5,0.83,276.9
2025-01-15 02:40:00,12.9,44.8,61.0,0.35,156.8
2025-01-15 02:50:00,15.1,48.1,60.4,1.46,246.8
2025-01-15 03:00:00,15.1,45.7,59.9,0.26,270.5
2025-01-15 03:10:00,14.3,48.9,59.3,0.67,275.4
2025-01-15 03:20:00,10.7,41.7,58.7,1.13,170.9
2025-01-15 03:30:00,16.7,53.0,58.2,1.09,325.3
2025-01-15 03:40:00,12.6,41.7,57.6,0.69,117.3
2025-01-15 03:50:00,11.5,60.0,57.0,0.59,212.9
2025-01-15 04:00:00,10.3,45.8,56.5,0.66,336.3
2025-01-15 04:10:00,14.7,53.5,55.9,0.47,273.5
2025-01-15 04:20:00,15.4,62.0,55.4,0.39,185.7
2025-01-15 04:30:00,10.1,56.3,54.8,0.78,311.5
2025-01-15 04:40:00,14.1,53.3,54.2,0.48,274.5
2025-01-15 04:50:00,11.8,48.1,53.7,0.5,340.9
2025-01-15 05:00:00,15.2,48.3,53.1,1.02,323.2
2025-01-15 05:10:00,11.4,56.7,52.5,1.46,286.9
2025-01-15 05:20:00,15.5,64.9,52.0,0.95,251.6
2025-01-15 05:30:00,13.1,56.5,51.4,0.21,148.6
2025-01-15 05:40:00,17.5,53.9,50.8,0.21,185.8
2025-01-15 05:50:00,11.1,58.3,50.3,1.43,231.5
2025-01-15 06:00:00,12.7,51.6,49.7,0.52,183.8
2025-01-15 06:10:00,10.9,41.5,49.2,0.23,159.0
2025-01-15 06:20:00,17.4,54.1,48.6,0.94,93.6
2025-01-15 06:30:00,17.0,63.9,48.0,0.97,11.9
2025-01-15 06:40:00,12.1,44.4,47.5,1.01,153.9
2025-01-15 06:50:00,15.3,57.3,46.9,0.47,92.8
2025-01-15 07:00:00,16.5,45.0,46.3,0.12,223.0
2025-01-15 07:10:00,14.4,53.4,45.8,1.45,16.9
2025-01-15 07:20:00,14.2,42.4,45.2,0.45,179.6
2025-01-15 07:30:00,11.9,51.3,44.6,1.05,283.0
2025-01-15 07:40:00,10.7,58.9,44.1,1.09,60.6
2025-01-15 07:50:00,17.2,48.7,43.5,0.95,146.8
2025-01-15 08:00:00,17.2,56.6,43.0,0.54,36.5
2025-01-15 08:10:00,15.1,59.9,42.4,0.48,191.4
2025-01-15 08:20:00,12.7,63.2,41.8,0.94,169.7
2025-01-15 08:30:00,12.8,45.9,41.3,1.31,128.1
2025-01-15 08:40:00,15.8,50.0,40.7,1.43,161.2
2025-01-15 08:50:00,17.2,43.8,40.1,0.25,270.0
2025-01-15 09:00:00,17.1,64.8,39.6,0.32,66.9
2025-01-15 09:10:00,16.2,63.2,39.0,1.42,16.5
2025-01-15 09:20:00,15.1,53.5,38.5,1.13,259.9
2025-01-15 09:30:00,10.7,61.1,37.9,1.34,177.4
2025-01-15 09:40:00,11.3,53.0,37.3,0.38,268.3
2025-01-15 09:50:00,17.2,55.6,36.8,0.92,183.1
2025-01-15 10:00:00,14.9,42.2,36.2,1.08,244.9
2025-01-15 10:10:00,10.1,58.9,35.6,1.05,134.6
2025-01-15 10:20:00,10.8,43.2,35.1,0.67,227.5
2025-01-15 10:30:00,15.3,60.7,34.5,0.12,274.8
2025-01-15 10:40:00,10.0,59.6,33.9,0.92,175.9
2025-01-15 10:50:00,11.3,57.7,33.4,0.45,62.4
2025-01-15 11:00:00,14.4,40.9,32.8,0.73,88.0
2025-01-15 11:10:00,15.5,47.6,32.3,1.44,67.6
2025-01-15 11:20:00,15.2,46.6,31.7,0.66,81.6
2025-01-15 11:30:00,11.8,49.0,31.1,1.28,98.9
2025-01-15 11:40:00,15.7,42.2,30.6,0.36,171.0
2025-01-15 11:50:00,11.9,63.4,30.0,1.04,180.5
2025-01-15 12:00:00,12.6,53.8,30.0,1.47,133.7
2025-01-15 12:10:00,16.0,47.6,30.6,0.24,188.5
2025-01-15 12:20:00,15.2,49.9,31.1,0.11,33.7
2025-01-15 12:30:00,16.8,51.2,31.7,0.71,35.5
2025-01-15 12:40:00,15.3,55.0,32.3,0.23,59.8
2025-01-15 12:50:00,14.5,52.9,32.8,1.15,160.2
2025-01-15 13:00:00,10.7,63.0,33.4,1.38,72.1
2025-01-15 13:10:00,12.9,52.4,33.9,0.71,92.2
2025-01-15 13:20:00,12.1,64.8,34.5,0.46,126.1
2025-01-15 13:30:00,12.0,61.3,35.1,0.71,245.4
2025-01-15 13:40:00,17.8,45.2,35.6,1.11,14.0
2025-01-15 13:50:00,13.1,63.3,36.2,0.11,198.3
2025-01-15 14:00:00,17.1,42.9,36.8,0.93,204.0
2025-01-15 14:10:00,15.0,60.4,37.3,0.96,241.6
2025-01-15 14:20:00,16.4,49.5,37.9,0.99,280.5
2025-01-15 14:30:00,14.0,61.9,38.5,0.44,15.8
2025-01-15 14:40:00,14.6,61.7,39.0,1.1,54.6
2025-01-15 14:50:00,13.9,60.1,39.6,0.23,267.0
2025-01-15 15:00:00,11.6,59.8,40.1,0.38,143.0
2025-01-15 15:10:00,15.8,47.6,40.7,1.33,173.7
2025-01-15 15:20:00,12.2,42.0,41.3,1.13,202.3
2025-01-15 15:30:00,10.2,50.1,41.8,0.12,206.9
2025-01-15 15:40:00,15.2,44.3,42.4,0.45,280.2
2025-01-15 15:50:00,11.4,57.4,43.0,0.4,299.1
2025-01-15 16:00:00,17.5,48.7,43.5,0.48,218.8
2025-01-15 16:10:00,17.6,64.4,44.1,0.45,93.3
2025-01-15 16:20:00,17.3,56.0,44.6,0.19,265.1
2025-01-15 16:30:00,13.0,60.6,45.2,0.74,24.3
2025-01-15 16:40:00,10.1,43.3,45.8,1.13,77.0
2025-01-15 16:50:00,17.4,61.6,46.3,0.95,270.2
2025-01-15 17:00:00,13.4,63.1,46.9,1.04,84.3
2025-01-15 17:10:00,17.7,52.2,47.5,0.21,74.0
2025-01-15 17:20:00,17.7,55.2,48.0,1.43,50.1
2025-01-15 17:30:00,16.8,59.1,48.6,1.27,259.1
2025-01-15 17:40:00,12.4,44.4,49.2,1.23,155.0
2025-01-15 17:50:00,13.1,52.6,49.7,1.25,205.7
2025-01-15 18:00:00,16.8,50.0,50.3,1.41,179.3
2025-01-15 18:10:00,12.5,43.7,50.8,0.86,329.8
2025-01-15 18:20:00,11.4,49.2,51.4,0.38,330.4
2025-01-15 18:30:00,14.5,41.7,52.0,0.96,200.7
2025-01-15 18:40:00,17.5,40.6,52.5,1.14,229.1
2025-01-15 18:50:00,15.6,43.4,53.1,1.13,170.8
2025-01-15 19:00:00,14.6,64.1,53.7,0.83,393.2
2025-01-15 19:10:00,10.8,53.7,54.2,0.2,297.2
2025-01-15 19:20:00,14.9,64.1,54.8,0.62,381.0
2025-01-15 19:30:00,17.9,50.8,55.4,1.39,198.0
2025-01-15 19:40:00,11.1,47.8,55.9,0.92,336.7
2025-01-15 19:50:00,14.1,52.7,56.5,0.85,332.1
2025-01-15 20:00:00,17.0,51.0,57.0,0.48,310.6
2025-01-15 20:10:00,15.9,42.6,57.6,0.62,390.0
2025-01-15 20:20:00,15.6,56.0,58.2,1.35,224.1
2025-01-15 20:30:00,15.6,45.4,58.7,1.03,147.9
2025-01-15 20:40:00,12.9,55.5,59.3,1.2,304.8
2025-01-15 20:50:00,12.3,56.3,59.9,0.74,321.5
2025-01-15 21:00:00,16.5,43.8,60.4,0.98,276.8
2025-01-15 21:10:00,16.5,41.5,61.0,0.45,170.0
2025-01-15 21:20:00,16.9,59.5,61.5,1.09,256.3
2025-01-15 21:30:00,17.3,51.5,62.1,0.7,200.5
2025-01-15 21:40:00,14.1,41.5,62.7,0.72,234.0
2025-01-15 21:50:00,14.0,64.9,63.2,1.01,297.1
2025-01-15 22:00:00,16.4,41.4,63.8,1.41,326.1
2025-01-15 22:10:00,15.2,57.4,64.4,0.19,177.3
2025-01-15 22:20:00,15.6,64.6,64.9,1.25,227.5
2025-01-15 22:30:00,16.4,46.0,65.5,0.51,188.1
2025-01-15 22:40:00,17.1,43.6,66.1,0.72,167.6
2025-01-15 22:50:00,12.7,43.0,66.6,0.13,337.2
2025-01-15 23:00:00,13.0,47.6,67.2,0.52,373.7
2025-01-15 23:10:00,10.8,42.5,67.7,0.8,217.4
2025-01-15 23:20:00,14.6,57.3,68.3,0.18,327.9
2025-01-15 23:30:00,10.3,41.6,68.9,0.79,370.1
2025-01-15 23:40:00,13.7,52.7,69.4,1.4,355.4
2025-01-15 23:50:00,14.3,64.9,70.0,0.25,163.0
2025-01-16 00:00:00,12.3,60.3,70.0,1.17,387.3
2025-01-16 00:10:00,14.7,55.4,69.4,0.67,219.2
2025-01-16 00:20:00,10.2,47.7,68.9,1.02,208.4
2025-01-16 00:30:00,10.3,55.6,68.3,0.46,128.1
2025-01-16 00:40:00,16.6,53.2,67.7,0.32,251.0
2025-01-16 00:50:00,12.9,50.7,67.2,0.32,141.6
2025-01-16 01:00:00,11.0,43.3,66.6,0.2,182.1
2025-01-16 01:10:00,14.2,62.2,66.1,0.36,201.9
2025-01-16 01:20:00,16.2,51.2,65.5,1.03,344.6
2025-01-16 01:30:00,11.7,44.9,64.9,1.33,363.9
2025-01-16 01:40:00,15.0,49.2,64.4,1.24,197.7
2025-01-16 01:50:00,10.7,50.4,63.8,1.06,359.0
2025-01-16 02:00:00,10.4,60.7,63.2,0.25,358.6
2025-01-16 02:10:00,14.3,58.3,62.7,0.5,331.7
2025-01-16 02:20:00,14.3,59.2,62.1,0.53,152.5
2025-01-16 02:30:00,15.1,40.3,61.5,0.45,310.2
2025-01-16 02:40:00,15.8,50.4,61.0,0.82,384.1
2025-01-16 02:50:00,17.8,52.0,60.4,0.85,307.9
2025-01-16 03:00:00,14.1,40.5,59.9,0.6,206.2
2025-01-16 03:10:00,12.6,46.5,59.3,0.6,255.2
2025-01-16 03:20:00,16.4,59.0,58.7,1.26,297.3
2025-01-16 03:30:00,12.2,43.4,58.2,1.21,258.1
2025-01-16 03:40:00,13.5,53.4,57.6,0.53,144.8
2025-01-16 03:50:00,10.6,45.4,57.0,1.38,200.5
2025-01-16 04:00:00,10.2,40.3,56.5,1.43,342.7
2025-01-16 04:10:00,17.7,46.0,55.9,0.56,359.8
2025-01-16 04:20:00,16.7,64.4,55.4,0.6,149.8
2025-01-16 04:30:00,15.6,60.0,54.8,0.81,386.2
2025-01-16 04:40:00,13.3,64.0,54.2,1.42,205.4
2025-01-16 04:50:00,11.4,52.2,53.7,1.33,302.1
2025-01-16 05:00:00,11.3,42.7,53.1,0.24,328.0
2025-01-16 05:10:00,12.0,53.7,52.5,0.65,345.5
2025-01-16 05:20:00,14.4,51.4,52.0,0.87,384.3
2025-01-16 05:30:00,15.7,61.1,51.4,0.8,200.7
2025-01-16 05:40:00,15.3,42.5,50.8,0.37,359.0
2025-01-16 05:50:00,12.2,52.2,50.3,1.3,148.2
2025-01-16 06:00:00,17.6,43.8,49.7,1.05,214.5
2025-01-16 06:10:00,15.9,48.1,49.2,1.27,225.2
2025-01-16 06:20:00,14.4,58.4,48.6,1.3,206.5
2025-01-16 06:30:00,14.9,51.9,48.0,1.15,83.2
2025-01-16 06:40:00,13.4,49.4,47.5,0.71,263.2
2025-01-16 06:50:00,12.0,49.9,46.9,0.95,59.0
2025-01-16 07:00:00,12.8,51.5,46.3,0.32,25.6
2025-01-16 07:10:00,16.1,59.6,45.8,1.04,218.1
2025-01-16 07:20:00,10.1,62.3,45.2,0.35,147.9
2025-01-16 07:30:00,10.9,63.9,44.6,1.07,256.2
2025-01-16 07:40:00,10.4,59.7,44.1,0.42,121.2
2025-01-16 07:50:00,10.3,47.9,43.5,0.26,58.8
2025-01-16 08:00:00,16.8,57.2,43.0,0.33,252.6
2025-01-16 08:10:00,15.6,50.9,42.4,0.1,169.2
2025-01-16 08:20:00,13.8,46.4,41.8,1.11,64.9
2025-01-16 08:30:00,10.8,61.0,41.3,1.13,218.9
2025-01-16 08:40:00,13.9,41.0,40.7,0.82,158.2
2025-01-16 08:50:00,13.8,62.5,40.1,0.33,185.3
2025-01-16 09:00:00,11.4,51.5,39.6,0.22,143.7
2025-01-16 09:10:00,13.5,55.9,39.0,0.13,250.3
2025-01-16 09:20:00,13.2,56.5,38.5,0.33,250.6
2025-01-16 09:30:00,14.9,62.4,37.9,1.35,215.7
2025-01-16 09:40:00,15.1,55.9,37.3,0.44,40.6
2025-01-16 09:50:00,10.4,55.3,36.8,0.6,253.3
2025-01-16 10:00:00,13.0,41.7,36.2,0.25,204.6
2025-01-16 10:10:00,15.0,53.0,35.6,0.41,212.1
2025-01-16 10:20:00,14.0,43.8,35.1,0.83,115.3
2025-01-16 10:30:00,16.9,58.4,34.5,0.95,265.0
2025-01-16 10:40:00,15.3,52.8,33.9,0.44,220.4
2025-01-16 10:50:00,11.3,57.0,33.4,0.18,42.7
2025-01-16 11:00:00,10.6,41.0,32.8,0.65,128.3
2025-01-16 11:10:00,15.1,42.1,32.3,0.43,267.1
2025-01-16 11:20:00,10.2,57.9,31.7,0.41,23.7
2025-01-16 11:30:00,14.7,41.8,31.1,1.44,288.8
2025-01-16 11:40:00,17.5,41.8,30.6,0.96,207.0
2025-01-16 11:50:00,14.6,40.3,30.0,0.88,193.1
2025-01-16 12:00:00,13.1,63.9,30.0,0.68,88.5
2025-01-16 12:10:00,15.1,58.4,30.6,0.7,82.1
2025-01-16 12:20:00,13.7,48.8,31.1,0.86,283.2
2025-01-16 12:30:00,14.4,47.4,31.7,1.08,96.5
2025-01-16 12:40:00,17.5,48.7,32.3,1.08,234.9
2025-01-16 12:50:00,13.1,59.4,32.8,0.34,124.0
2025-01-16 13:00:00,17.7,56.5,33.4,0.8,50.4
2025-01-16 13:10:00,17.2,44.6,33.9,0.68,13.1
2025-01-16 13:20:00,11.6,44.4,34.5,1.32,167.8
2025-01-16 13:30:00,10.6,42.5,35.1,0.98,293.0
2025-01-16 13:40:00,10.8,56.5,35.6,0.85,117.0
2025-01-16 13:50:00,10.1,59.1,36.2,0.26,113.6
2025-01-16 14:00:00,10.8,46.6,36.8,0.95,109.8
2025-01-16 14:10:00,15.5,40.5,37.3,0.26,161.0
2025-01-16 14:20:00,10.6,42.1,37.9,0.57,137.8
2025-01-16 14:30:00,12.6,64.2,38.5,0.3,265.2
2025-01-16 14:40:00,16.8,47.4,39.0,1.07,156.6
2025-01-16 14:50:00,10.2,59.2,39.6,0.39,157.2
2025-01-16 15:00:00,16.5,55.6,40.1,0.65,50.1
2025-01-16 15:10:00,12.3,49.5,40.7,1.35,295.0
2025-01-16 15:20:00,10.9,45.1,41.3,0.39,82.5
2025-01-16 15:30:00,15.6,43.0,41.8,0.81,31.3
2025-01-16 15:40:00,15.0,55.4,42.4,0.69,202.3
2025-01-16 15:50:00,17.0,59.4,43.0,0.13,182.7
2025-01-16 16:00:00,15.9,56.1,43.5,1.21,130.4
2025-01-16 16:10:00,16.4,53.3,44.1,0.2,132.4
2025-01-16 16:20:00,12.3,41.0,44.6,0.76,237.7
2025-01-16 16:30:00,11.4,64.2,45.2,0.88,66.8
2025-01-16 16:40:00,16.0,60.0,45.8,0.98,247.9
2025-01-16 16:50:00,16.5,47.3,46.3,1.06,198.1
2025-01-16 17:00:00,17.9,64.5,46.9,0.45,131.5
2025-01-16 17:10:00,13.3,55.0,47.5,0.11,142.8
2025-01-16 17:20:00,13.0,54.6,48.0,1.11,84.4
2025-01-16 17:30:00,16.2,58.7,48.6,0.85,228.1
2025-01-16 17:40:00,12.7,60.3,49.2,1.27,158.7
2025-01-16 17:50:00,17.4,56.4,49.7,1.25,103.0
2025-01-16 18:00:00,16.9,43.2,50.3,1.28,282.9
2025-01-16 18:10:00,13.4,48.5,50.8,0.78,398.8
2025-01-16 18:20:00,16.0,63.2,51.4,0.57,236.2
2025-01-16 18:30:00,16.0,45.6,52.0,1.21,377.0
2025-01-16 18:40:00,10.8,49.3,52.5,0.73,210.1
2025-01-16 18:50:00,17.2,50.8,53.1,0.36,125.9
2025-01-16 19:00:00,14.0,51.0,53.7,1.3,169.2
2025-01-16 19:10:00,16.6,55.3,54.2,1.34,231.4
2025-01-16 19:20:00,12.6,63.6,54.8,0.75,173.7
2025-01-16 19:30:00,17.2,46.0,55.4,0.21,110.1
2025-01-16 19:40:00,13.1,43.0,55.9,0.64,375.4
2025-01-16 19:50:00,10.1,44.9,56.5,1.22,354.7
2025-01-16 20:00:00,17.2,62.2,57.0,1.36,325.3
2025-01-16 20:10:00,10.7,56.1,57.6,0.38,158.7
2025-01-16 20:20:00,12.6,47.1,58.2,0.19,144.9
2025-01-16 20:30:00,17.6,60.4,58.7,1.33,129.6
2025-01-16 20:40:00,17.6,61.5,59.3,0.65,320.0
2025-01-16 20:50:00,14.6,61.2,59.9,0.86,379.4
2025-01-16 21:00:00,15.1,63.0,60.4,1.46,234.9
2025-01-16 21:10:00,13.6,46.3,61.0,0.19,144.6
2025-01-16 21:20:00,12.3,58.9,61.5,1.01,258.6
2025-01-16 21:30:00,12.6,51.5,62.1,0.2,211.2
2025-01-16 21:40:00,15.4,61.0,62.7,0.63,218.7
2025-01-16 21:50:00,16.0,58.2,63.2,1.23,290.2
2025-01-16 22:00:00,16.3,59.4,63.8,0.71,318.4
2025-01-16 22:10:00,16.3,56.4,64.4,1.5,142.1
2025-01-16 22:20:00,10.7,44.4,64.9,0.88,120.3
2025-01-16 22:30:00,14.0,53.6,65.5,0.55,398.4
2025-01-16 22:40:00,10.5,64.6,66.1,0.41,177.5
2025-01-16 22:50:00,14.4,63.4,66.6,0.59,125.6
2025-01-16 23:00:00,13.5,41.1,67.2,0.62,165.1
2025-01-16 23:10:00,17.1,44.1,67.7,0.2,121.3
2025-01-16 23:20:00,12.8,43.3,68.3,0.62,223.6
2025-01-16 23:30:00,10.9,58.1,68.9,0.75,342.7
2025-01-16 23:40:00,11.1,60.4,69.4,1.11,209.0
2025-01-16 23:50:00,16.1,45.3,70.0,1.02,238.8
2025-01-17 00:00:00,14.9,52.6,70.0,1.09,305.9
2025-01-17 00:10:00,10.8,61.0,69.4,0.11,257.6
2025-01-17 00:20:00,10.7,58.3,68.9,0.4,359.8
2025-01-17 00:30:00,15.6,53.6,68.3,1.03,361.2
2025-01-17 00:40:00,10.6,54.8,67.7,0.78,112.9
2025-01-17 00:50:00,16.6,52.7,67.2,0.11,335.6
2025-01-17 01:00:00,15.6,47.4,66.6,1.23,243.6
2025-01-17 01:10:00,10.7,54.1,66.1,1.18,396.8
2025-01-17 01:20:00,10.7,57.2,65.5,0.87,250.1
2025-01-17 01:30:00,17.9,61.8,64.9,0.19,396.2
2025-01-17 01:40:00,13.0,55.9,64.4,1.17,328.8
2025-01-17 01:50:00,13.0,59.0,63.8,0.92,182.1
2025-01-17 02:00:00,16.5,44.0,63.2,1.19,266.1
2025-01-17 02:10:00,17.6,51.5,62.7,1.15,397.7
2025-01-17 02:20:00,17.9,40.2,62.1,1.22,358.7
2025-01-17 02:30:00,16.0,46.2,61.5,0.83,138.2
2025-01-17 02:40:00,13.0,58.2,61.0,0.3,314.8
2025-01-17 02:50:00,10.7,64.8,60.4,1.04,210.2
2025-01-17 03:00:00,16.2,42.5,59.9,0.97,112.0
2025-01-17 03:10:00,14.5,50.0,59.3,1.14,227.0
2025-01-17 03:20:00,13.4,60.0,58.7,0.34,178.1
2025-01-17 03:30:00,17.3,45.1,58.2,0.37,347.5
2025-01-17 03:40:00,10.9,53.9,57.6,1.35,207.8
2025-01-17 03:50:00,13.9,58.3,57.0,1.15,350.0
2025-01-17 04:00:00,10.1,55.4,56.5,1.37,110.2
2025-01-17 04:10:00,13.7,44.7,55.9,1.16,199.3
2025-01-17 04:20:00,10.5,48.9,55.4,0.94,179.9
2025-01-17 04:30:00,11.0,59.6,54.8,1.02,177.7
2025-01-17 04:40:00,10.9,53.9,54.2,1.34,129.8
2025-01-17 04:50:00,15.2,40.1,53.7,0.91,164.3
2025-01-17 05:00:00,16.0,59.0,53.1,0.99,271.1
2025-01-17 05:10:00,14.7,40.9,52.5,0.32,194.5
2025-01-17 05:20:00,17.7,58.6,52.0,0.76,231.0
2025-01-17 05:30:00,13.0,45.1,51.4,1.1,219.3
2025-01-17 05:40:00,12.3,64.0,50.8,0.48,364.0
2025-01-17 05:50:00,16.9,49.2,50.3,0.38,372.5
2025-01-17 06:00:00,11.8,48.2,49.7,0.54,153.0
2025-01-17 06:10:00,17.7,43.7,49.2,0.44,105.7
2025-01-17 06:20:00,10.1,47.6,48.6,0.4,41.0
2025-01-17 06:30:00,17.8,61.9,48.0,0.69,286.5
2025-01-17 06:40:00,10.3,64.9,47.5,1.37,27.5
2025-01-17 06:50:00,17.1,49.2,46.9,0.81,96.3
2025-01-17 07:00:00,14.2,51.2,46.3,0.36,96.4
2025-01-17 07:10:00,17.9,58.1,45.8,0.21,102.9
2025-01-17 07:20:00,10.6,62.2,45.2,1.07,57.6
2025-01-17 07:30:00,14.4,54.8,44.6,0.64,237.1
2025-01-17 07:40:00,17.8,49.8,44.1,1.25,45.5
2025-01-17 07:50:00,14.2,50.3,43.5,1.02,194.1
2025-01-17 08:00:00,15.0,57.4,43.0,1.21,45.9
2025-01-17 08:10:00,15.6,40.1,42.4,0.48,30.5
2025-01-17 08:20:00,13.6,55.5,41.8,1.07,273.7
2025-01-17 08:30:00,15.0,48.9,41.3,0.47,65.1
2025-01-17 08:40:00,14.7,59.9,40.7,1.41,248.2
2025-01-17 08:50:00,17.2,42.3,40.1,0.99,167.9
2025-01-17 09:00:00,10.4,54.7,39.6,0.55,32.6
2025-01-17 09:10:00,12.2,52.0,39.0,0.48,287.1
2025-01-17 09:20:00,17.6,56.1,38.5,0.37,81.6
2025-01-17 09:30:00,17.1,41.6,37.9,1.07,259.3
2025-01-17 09:40:00,13.6,54.5,37.3,0.41,59.0
2025-01-17 09:50:00,15.0,54.0,36.8,0.93,257.6
2025-01-17 10:00:00,12.2,54.0,36.2,0.47,13.8
2025-01-17 10:10:00,11.5,55.1,35.6,1.03,158.4
2025-01-17 10:20:00,13.7,56.9,35.1,1.24,233.1
2025-01-17 10:30:00,12.8,60.1,34.5,1.19,281.1
2025-01-17 10:40:00,14.7,46.7,33.9,1.17,273.7
2025-01-17 10:50:00,10.6,60.6,33.4,0.36,247.7
2025-01-17 11:00:00,17.8,52.5,32.8,0.22,267.6
2025-01-17 11:10:00,17.9,41.9,32.3,1.08,67.8
2025-01-17 11:20:00,15.6,41.5,31.7,0.62,92.4
2025-01-17 11:30:00,14.3,48.4,31.1,0.71,93.8
2025-01-17 11:40:00,12.5,59.6,30.6,0.14,119.3
2025-01-17 11:50:00,16.5,57.7,30.0,0.46,124.1
2025-01-17 12:00:00,15.5,59.7,30.0,0.15,167.9
2025-01-17 12:10:00,11.3,52.9,30.6,1.33,56.4
2025-01-17 12:20:00,17.3,51.0,31.1,0.44,210.5
2025-01-17 12:30:00,16.6,43.7,31.7,0.88,58.6
2025-01-17 12:40:00,17.6,48.2,32.3,0.15,100.0
2025-01-17 12:50:00,15.8,50.9,32.8,1.03,156.0
2025-01-17 13:00:00,14.9,42.2,33.4,0.55,241.0
2025-01-17 13:10:00,13.3,45.5,33.9,1.36,224.4
2025-01-17 13:20:00,17.5,55.0,34.5,1.34,197.2
2025-01-17 13:30:00,16.9,58.4,35.1,0.56,55.2
2025-01-17 13:40:00,10.4,65.0,35.6,1.36,168.6
2025-01-17 13:50:00,10.2,63.3,36.2,1.49,35.4
2025-01-17 14:00:00,13.0,56.1,36.8,1.26,119.4
2025-01-17 14:10:00,16.5,50.5,37.3,1.28,129.9
2025-01-17 14:20:00,17.9,55.9,37.9,0.45,21.5
2025-01-17 14:30:00,11.2,59.6,38.5,0.91,89.5
2025-01-17 14:40:00,14.8,43.0,39.0,0.19,287.1
2025-01-17 14:50:00,13.0,50.2,39.6,0.23,286.6
2025-01-17 15:00:00,17.8,61.0,40.1,1.5,112.2
2025-01-17 15:10:00,16.7,49.6,40.7,0.56,22.5
2025-01-17 15:20:00,16.7,54.3,41.3,1.15,61.9
2025-01-17 15:30:00,13.7,54.7,41.8,1.23,123.7
2025-01-17 15:40:00,13.3,44.6,42.4,1.3,284.9
2025-01-17 15:50:00,12.2,49.1,43.0,1.5,50.9
2025-01-17 16:00:00,10.5,48.4,43.5,0.44,231.4
2025-01-17 16:10:00,16.9,40.7,44.1,0.16,41.5
2025-01-17 16:20:00,16.5,40.6,44.6,0.68,294.6
2025-01-17 16:30:00,18.0,60.8,45.2,0.28,120.7
2025-01-17 16:40:00,18.0,46.8,45.8,0.13,234.8
2025-01-17 16:50:00,14.4,53.0,46.3,0.6,109.4
2025-01-17 17:00:00,16.2,47.5,46.9,1.2,192.0
2025-01-17 17:10:00,17.6,63.5,47.5,0.89,65.7
2025-01-17 17:20:00,16.8,46.5,48.0,0.54,52.3
2025-01-17 17:30:00,12.0,50.7,48.6,1.02,282.0
2025-01-17 17:40:00,13.6,61.8,49.2,0.42,276.1
2025-01-17 17:50:00,11.0,61.0,49.7,0.12,267.4
2025-01-17 18:00:00,17.6,44.7,50.3,1.17,291.4
2025-01-17 18:10:00,14.8,60.1,50.8,0.97,344.4
2025-01-17 18:20:00,11.8,51.5,51.4,1.17,130.0
2025-01-17 18:30:00,15.4,52.1,52.0,0.15,207.1
2025-01-17 18:40:00,14.9,43.3,52.5,1.27,201.0
2025-01-17 18:50:00,12.9,42.0,53.1,0.97,294.3
2025-01-17 19:00:00,10.9,58.2,53.7,0.89,213.2
2025-01-17 19:10:00,15.4,52.4,54.2,0.97,153.1
2025-01-17 19:20:00,14.2,50.9,54.8,1.31,283.0
2025-01-17 19:30:00,16.2,58.2,55.4,0.92,346.2
2025-01-17 19:40:00,14.2,59.1,55.9,0.91,220.8
2025-01-17 19:50:00,16.8,44.0,56.5,1.49,148.4
2025-01-17 20:00:00,14.4,55.3,57.0,1.16,167.0
2025-01-17 20:10:00,14.5,43.4,57.6,0.72,178.9
2025-01-17 20:20:00,17.0,58.8,58.2,1.09,197.0
2025-01-17 20:30:00,13.2,56.4,58.7,0.64,296.4
2025-01-17 20:40:00,11.1,63.9,59.3,0.42,284.3
2025-01-17 20:50:00,10.2,41.7,59.9,0.94,311.9
2025-01-17 21:00:00,16.0,41.4,60.4,1.4,215.1
2025-01-17 21:10:00,15.0,47.1,61.0,1.4,349.0
2025-01-17 21:20:00,15.6,46.5,61.5,0.58,169.2
2025-01-17 21:30:00,11.7,46.2,62.1,0.84,246.0
2025-01-17 21:40:00,11.1,62.7,62.7,0.4,342.3
2025-01-17 21:50:00,10.1,46.2,63.2,1.49,162.2
2025-01-17 22:00:00,12.8,46.8,63.8,1.47,141.9
2025-01-17 22:10:00,14.7,59.0,64.4,1.01,366.3
2025-01-17 22:20:00,13.1,51.2,64.9,1.23,209.4
2025-01-17 22:30:00,13.5,59.4,65.5,1.1,308.3
2025-01-17 22:40:00,17.2,41.6,66.1,0.93,117.4
2025-01-17 22:50:00,12.8,52.2,66.6,0.17,310.1
2025-01-17 23:00:00,14.1,40.8,67.2,0.74,201.7
2025-01-17 23:10:00,16.3,41.6,67.7,1.04,126.2
2025-01-17 23:20:00,13.2,62.7,68.3,1.05,286.8
2025-01-17 23:30:00,15.0,43.5,68.9,0.62,179.8
2025-01-17 23:40:00,16.9,53.3,69.4,1.42,222.2
2025-01-17 23:50:00,17.6,50.3,70.0,0.33,133.4
2025-01-18 00:00:00,11.2,48.7,70.0,0.8,152.7
2025-01-18 00:10:00,17.4,62.5,69.4,1.07,196.4
2025-01-18 00:20:00,13.9,40.5,68.9,1.08,136.0
2025-01-18 00:30:00,12.1,56.6,68.3,1.01,374.1
2025-01-18 00:40:00,13.7,64.1,67.7,0.49,111.8
2025-01-18 00:50:00,17.8,54.0,67.2,0.32,250.3
2025-01-18 01:00:00,13.9,63.4,66.6,0.99,145.7
2025-01-18 01:10:00,12.6,41.3,66.1,0.94,199.2
2025-01-18 01:20:00,15.1,50.5,65.5,0.35,378.6
2025-01-18 01:30:00,11.9,46.5,64.9,1.09,156.9
2025-01-18 01:40:00,10.6,58.3,64.4,0.74,390.1
2025-01-18 01:50:00,11.0,64.5,63.8,1.03,169.7
2025-01-18 02:00:00,11.0,46.4,63.2,1.27,325.1
2025-01-18 02:10:00,11.2,56.4,62.7,0.34,268.5
2025-01-18 02:20:00,11.1,45.0,62.1,0.13,366.5
2025-01-18 02:30:00,15.1,54.1,61.5,1.19,270.7
2025-01-18 02:40:00,11.5,51.6,61.0,0.95,265.0
2025-01-18 02:50:00,12.8,64.3,60.4,1.08,166.7
2025-01-18 03:00:00,17.2,55.2,59.9,1.27,158.2
2025-01-18 03:10:00,13.8,48.7,59.3,1.22,375.8
2025-01-18 03:20:00,15.3,42.9,58.7,1.45,205.1
2025-01-18 03:30:00,11.4,43.8,58.2,0.85,217.9
2025-01-18 03:40:00,11.5,45.6,57.6,0.78,330.3
2025-01-18 03:50:00,10.3,46.3,57.0,0.66,208.3
2025-01-18 04:00:00,11.4,61.3,56.5,0.32,386.1
2025-01-18 04:10:00,12.2,54.0,55.9,0.9,324.0
2025-01-18 04:20:00,11.4,53.1,55.4,0.49,283.3
2025-01-18 04:30:00,10.7,42.9,54.8,1.39,365.5
2025-01-18 04:40:00,11.0,61.5,54.2,0.92,124.4
2025-01-18 04:50:00,13.7,58.1,53.7,0.93,184.5
2025-01-18 05:00:00,11.7,41.7,53.1,0.6,244.9
2025-01-18 05:10:00,12.9,57.7,52.5,0.17,175.8
2025-01-18 05:20:00,14.0,53.6,52.0,0.14,325.7
2025-01-18 05:30:00,15.5,42.0,51.4,0.69,376.6
2025-01-18 05:40:00,10.3,51.5,50.8,0.22,232.9
2025-01-18 05:50:00,16.4,52.1,50.3,0.95,209.2
2025-01-18 06:00:00,15.0,44.1,49.7,1.33,288.8
2025-01-18 06:10:00,10.7,63.6,49.2,1.34,139.0
2025-01-18 06:20:00,17.0,61.2,48.6,1.02,151.8
2025-01-18 06:30:00,17.4,56.7,48.0,0.4,112.0
2025-01-18 06:40:00,10.5,51.6,47.5,1.31,273.8
2025-01-18 06:50:00,12.2,50.3,46.9,1.34,175.0
2025-01-18 07:00:00,16.4,56.3,46.3,0.38,231.0
2025-01-18 07:10:00,16.0,53.6,45.8,1.13,245.4
2025-01-18 07:20:00,11.5,41.6,45.2,0.5,109.1
2025-01-18 07:30:00,11.7,52.8,44.6,1.22,135.8
2025-01-18 07:40:00,13.0,60.2,44.1,1.5,256.1
2025-01-18 07:50:00,13.9,51.5,43.5,0.14,115.3
2025-01-18 08:00:00,14.9,41.3,43.0,1.36,240.2
2025-01-18 08:10:00,13.0,59.7,42.4,0.97,282.9
2025-01-18 08:20:00,13.7,45.0,41.8,1.46,190.7
2025-01-18 08:30:00,16.0,46.5,41.3,0.75,225.1
2025-01-18 08:40:00,10.3,44.1,40.7,1.29,243.5
2025-01-18 08:50:00,12.0,48.3,40.1,0.19,255.1
2025-01-18 09:00:00,15.7,58.9,39.6,0.57,124.6
2025-01-18 09:10:00,17.2,53.0,39.0,0.19,24.9
2025-01-18 09:20:00,14.1,45.1,38.5,1.47,126.5
2025-01-18 09:30:00,14.3,61.9,37.9,1.24,205.4
2025-01-18 09:40:00,10.9,62.0,37.3,1.29,140.6
2025-01-18 09:50:00,13.6,61.8,36.8,1.41,227.2
2025-01-18 10:00:00,14.3,46.0,36.2,0.22,113.5
2025-01-18 10:10:00,11.9,51.3,35.6,0.64,194.1
2025-01-18 10:20:00,12.2,64.6,35.1,0.2,64.1
2025-01-18 10:30:00,13.0,59.3,34.5,0.4,227.3
2025-01-18 10:40:00,10.2,40.7,33.9,0.42,168.3
2025-01-18 10:50:00,12.6,41.6,33.4,0.76,69.2
2025-01-18 11:00:00,11.7,51.6,32.8,0.48,94.7
2025-01-18 11:10:00,12.6,62.7,32.3,0.24,227.1
2025-01-18 11:20:00,11.0,53.5,31.7,0.33,150.0
2025-01-18 11:30:00,17.1,52.4,31.1,0.31,72.6
2025-01-18 11:40:00,14.7,42.6,30.6,1.46,290.5
2025-01-18 11:50:00,15.4,56.4,30.0,1.16,217.4
2025-01-18 12:00:00,16.3,60.6,30.0,1.45,287.6
2025-01-18 12:10:00,14.0,49.5,30.6,0.72,133.9
2025-01-18 12:20:00,10.7,59.4,31.1,0.49,147.8
2025-01-18 12:30:00,14.3,64.1,31.7,1.22,270.4
2025-01-18 12:40:00,14.7,45.1,32.3,0.56,162.3
2025-01-18 12:50:00,16.0,53.1,32.8,0.52,215.1
2025-01-18 13:00:00,13.5,47.2,33.4,0.43,83.1
2025-01-18 13:10:00,11.0,59.8,33.9,0.28,139.6
2025-01-18 13:20:00,12.3,54.4,34.5,0.46,45.8
2025-01-18 13:30:00,12.9,55.9,35.1,0.6,69.7
2025-01-18 13:40:00,15.2,59.9,35.6,1.04,10.3
2025-01-18 13:50:00,14.6,49.9,36.2,0.19,21.4
2025-01-18 14:00:00,12.8,62.9,36.8,0.39,293.4
2025-01-18 14:10:00,17.9,53.3,37.3,1.23,80.3
2025-01-18 14:20:00,14.8,43.9,37.9,0.31,202.4
2025-01-18 14:30:00,11.9,57.4,38.5,0.58,253.3
2025-01-18 14:40:00,10.8,59.8,39.0,1.31,169.7
2025-01-18 14:50:00,11.2,47.9,39.6,0.32,54.4
2025-01-18 15:00:00,12.0,61.4,40.1,0.22,221.2
2025-01-18 15:10:00,11.3,62.7,40.7,0.78,184.1
2025-01-18 15:20:00,11.5,46.9,41.3,0.52,222.1
2025-01-18 15:30:00,12.3,64.6,41.8,0.89,233.2
2025-01-18 15:40:00,11.4,43.5,42.4,1.23,292.9
2025-01-18 15:50:00,17.2,45.1,43.0,0.29,176.3
2025-01-18 16:00:00,10.6,44.6,43.5,0.91,109.1
2025-01-18 16:10:00,14.2,62.3,44.1,0.81,198.1
2025-01-18 16:20:00,13.3,56.4,44.6,0.3,29.8
2025-01-18 16:30:00,17.9,43.8,45.2,0.97,270.2
2025-01-18 16:40:00,10.9,51.0,45.8,0.48,44.6
2025-01-18 16:50:00,13.2,55.4,46.3,0.78,105.1
2025-01-18 17:00:00,17.8,42.1,46.9,0.22,246.6
2025-01-18 17:10:00,16.9,62.1,47.5,0.74,183.2
2025-01-18 17:20:00,16.5,60.1,48.0,0.53,124.2
2025-01-18 17:30:00,12.1,52.6,48.6,1.25,147.3
2025-01-18 17:40:00,11.4,64.2,49.2,0.18,257.8
2025-01-18 17:50:00,15.3,50.4,49.7,0.69,108.6
2025-01-18 18:00:00,17.4,64.6,50.3,0.74,362.2
2025-01-18 18:10:00,14.5,56.7,50.8,1.12,135.6
2025-01-18 18:20:00,14.6,55.9,51.4,0.9,335.3
2025-01-18 18:30:00,12.2,44.1,52.0,1.03,355.8
2025-01-18 18:40:00,16.2,62.0,52.5,1.19,162.7
2025-01-18 18:50:00,11.5,50.7,53.1,1.31,234.8
2025-01-18 19:00:00,12.6,44.1,53.7,0.54,158.0
2025-01-18 19:10:00,13.4,40.3,54.2,0.85,314.9
2025-01-18 19:20:00,14.1,54.0,54.8,1.28,265.3
2025-01-18 19:30:00,11.9,53.2,55.4,1.49,294.2
2025-01-18 19:40:00,10.9,58.0,55.9,1.35,167.0
2025-01-18 19:50:00,14.9,62.3,56.5,0.62,171.4
2025-01-18 20:00:00,12.3,42.0,57.0,0.37,122.0
2025-01-18 20:10:00,14.6,58.3,57.6,0.79,203.4
2025-01-18 20:20:00,11.2,44.7,58.2,1.14,272.3
2025-01-18 20:30:00,13.8,61.5,58.7,0.79,358.8
2025-01-18 20:40:00,14.3,60.5,59.3,0.78,303.4
2025-01-18 20:50:00,10.4,53.5,59.9,1.27,236.3
2025-01-18 21:00:00,12.7,57.8,60.4,0.61,386.4
2025-01-18 21:10:00,11.1,47.9,61.0,1.3,318.6
2025-01-18 21:20:00,10.5,51.8,61.5,0.67,379.7
2025-01-18 21:30:00,17.9,60.5,62.1,0.56,263.0
2025-01-18 21:40:00,12.6,51.5,62.7,0.74,185.1
2025-01-18 21:50:00,16.5,48.9,63.2,1.17,125.3
2025-01-18 22:00:00,12.0,52.4,63.8,0.28,320.6
2025-01-18 22:10:00,15.5,60.7,64.4,0.37,145.2
2025-01-18 22:20:00,16.1,48.4,64.9,1.43,197.8
2025-01-18 22:30:00,14.8,44.3,65.5,0.35,264.4
2025-01-18 22:40:00,13.8,57.8,66.1,0.89,273.7
2025-01-18 22:50:00,13.3,60.6,66.6,0.91,284.2
2025-01-18 23:00:00,12.8,42.5,67.2,0.79,158.2
2025-01-18 23:10:00,17.4,46.0,67.7,1.0,220.1
2025-01-18 23:20:00,16.6,43.5,68.3,0.42,289.0
2025-01-18 23:30:00,17.7,48.7,68.9,0.87,391.2
2025-01-18 23:40:00,11.0,51.3,69.4,0.62,321.0
2025-01-18 23:50:00,15.8,58.7,70.0,1.03,377.6
2025-01-19 00:00:00,17.5,56.3,70.0,0.3,331.0
2025-01-19 00:10:00,11.4,55.5,69.4,0.9,281.6
2025-01-19 00:20:00,10.5,48.8,68.9,0.36,165.7
2025-01-19 00:30:00,15.9,61.0,68.3,0.49,303.3
2025-01-19 00:40:00,14.6,51.8,67.7,0.41,290.8
2025-01-19 00:50:00,16.7,64.5,67.2,0.36,284.7
2025-01-19 01:00:00,11.1,55.9,66.6,1.26,252.0
2025-01-19 01:10:00,16.4,43.2,66.1,0.5,263.3
2025-01-19 01:20:00,11.6,56.9,65.5,1.4,207.0
2025-01-19 01:30:00,11.3,48.1,64.9,1.46,260.6
2025-01-19 01:40:00,11.3,57.2,64.4,0.9,167.3
2025-01-19 01:50:00,16.5,41.7,63.8,0.3,343.5
2025-01-19 02:00:00,15.3,44.4,63.2,0.62,163.9
2025-01-19 02:10:00,14.2,61.4,62.7,1.22,134.6
2025-01-19 02:20:00,12.9,45.7,62.1,0.61,236.5
2025-01-19 02:30:00,17.0,60.9,61.5,0.22,300.9
2025-01-19 02:40:00,13.1,47.0,61.0,0.88,236.9
2025-01-19 02:50:00,16.5,56.1,60.4,1.28,190.3
2025-01-19 03:00:00,13.5,57.4,59.9,1.21,271.9
2025-01-19 03:10:00,13.0,52.8,59.3,0.35,210.6
2025-01-19 03:20:00,13.7,47.6,58.7,1.04,380.5
2025-01-19 03:30:00,12.4,45.3,58.2,0.41,377.6
2025-01-19 03:40:00,16.0,40.8,57.6,0.41,255.7
2025-01-19 03:50:00,14.0,47.6,57.0,1.32,205.1
2025-01-19 04:00:00,11.9,56.3,56.5,0.45,323.8
2025-01-19 04:10:00,17.2,63.5,55.9,0.47,120.6
2025-01-19 04:20:00,13.1,61.8,55.4,0.1,247.7
2025-01-19 04:30:00,14.3,59.2,54.8,1.32,207.5
2025-01-19 04:40:00,17.3,59.7,54.2,1.21,377.0
2025-01-19 04:50:00,15.0,56.6,53.7,0.98,113.5
2025-01-19 05:00:00,10.9,46.5,53.1,1.15,270.3
2025-01-19 05:10:00,17.5,62.7,52.5,0.31,324.8
2025-01-19 05:20:00,15.0,56.8,52.0,0.74,250.7
2025-01-19 05:30:00,12.7,54.0,51.4,0.59,134.8
2025-01-19 05:40:00,11.1,42.8,50.8,0.23,392.0
2025-01-19 05:50:00,16.4,51.2,50.3,0.78,260.2
2025-01-19 06:00:00,15.0,51.5,49.7,1.39,188.1
2025-01-19 06:10:00,14.3,61.6,49.2,0.16,78.6
2025-01-19 06:20:00,17.2,53.7,48.6,0.51,150.2
2025-01-19 06:30:00,16.3,49.5,48.0,0.39,134.5
2025-01-19 06:40:00,11.2,64.4,47.5,0.43,31.7
2025-01-19 06:50:00,12.5,42.8,46.9,1.37,40.8
2025-01-19 07:00:00,12.0,50.6,46.3,0.76,252.9
2025-01-19 07:10:00,16.0,41.1,45.8,0.75,79.5
2025-01-19 07:20:00,10.3,58.5,45.2,1.16,66.5
2025-01-19 07:30:00,14.6,63.0,44.6,0.32,156.4
2025-01-19 07:40:00,16.1,47.0,44.1,0.78,232.9
2025-01-19 07:50:00,17.0,61.5,43.5,0.7,28.0
2025-01-19 08:00:00,12.7,47.3,43.0,0.94,177.3
2025-01-19 08:10:00,16.6,62.8,42.4,1.5,44.6
2025-01-19 08:20:00,10.9,58.8,41.8,1.18,20.6
2025-01-19 08:30:00,16.8,60.1,41.3,0.66,25.3
2025-01-19 08:40:00,11.0,40.5,40.7,1.26,251.9
2025-01-19 08:50:00,13.2,64.1,40.1,0.34,44.2
2025-01-19 09:00:00,16.4,58.2,39.6,0.14,23.1
2025-01-19 09:10:00,11.2,47.6,39.0,0.39,137.0
2025-01-19 09:20:00,11.8,60.7,38.5,0.58,254.8
2025-01-19 09:30:00,15.8,47.0,37.9,0.81,86.1
2025-01-19 09:40:00,15.8,61.8,37.3,0.96,132.3
2025-01-19 09:50:00,15.1,42.8,36.8,1.37,21.6
2025-01-19 10:00:00,15.6,57.6,36.2,0.81,140.2
2025-01-19 10:10:00,14.3,53.5,35.6,0.8,177.5
2025-01-19 10:20:00,12.0,42.4,35.1,0.17,175.6
2025-01-19 10:30:00,12.8,46.0,34.5,0.15,106.4
2025-01-19 10:40:00,11.5,40.3,33.9,0.87,101.5
2025-01-19 10:50:00,17.3,51.7,33.4,0.71,40.9
2025-01-19 11:00:00,14.7,47.5,32.8,1.27,116.4
2025-01-19 11:10:00,13.2,55.0,32.3,0.32,38.9
2025-01-19 11:20:00,13.7,47.4,31.7,0.13,232.3
2025-01-19 11:30:00,17.6,47.5,31.1,0.73,290.2
2025-01-19 11:40:00,11.2,58.6,30.6,0.43,291.3
2025-01-19 11:50:00,14.7,41.2,30.0,0.17,260.9
2025-01-19 12:00:00,14.0,62.6,30.0,1.11,184.2
2025-01-19 12:10:00,14.9,61.3,30.6,0.26,213.3
2025-01-19 12:20:00,10.1,56.7,31.1,0.95,92.7
2025-01-19 12:30:00,17.0,54.8,31.7,0.49,192.9
2025-01-19 12:40:00,17.5,62.3,32.3,0.34,142.1
2025-01-19 12:50:00,14.5,44.6,32.8,0.63,149.8
2025-01-19 13:00:00,15.6,42.0,33.4,1.22,229.8
2025-01-19 13:10:00,17.4,46.0,33.9,0.65,91.8
2025-01-19 13:20:00,15.7,59.9,34.5,1.15,102.2
2025-01-19 13:30:00,11.2,40.9,35.1,0.28,278.1
2025-01-19 13:40:00,14.6,54.6,35.6,1.18,26.3
2025-01-19 13:50:00,14.9,64.9,36.2,0.43,150.8
2025-01-19 14:00:00,13.4,61.4,36.8,1.05,274.7
2025-01-19 14:10:00,15.9,53.0,37.3,0.89,187.0
2025-01-19 14:20:00,17.5,41.6,37.9,1.4,168.5
2025-01-19 14:30:00,17.4,60.8,38.5,0.64,82.4
2025-01-19 14:40:00,13.6,55.0,39.0,0.19,109.5
2025-01-19 14:50:00,10.9,42.9,39.6,0.13,257.1
2025-01-19 15:00:00,17.9,42.3,40.1,1.26,172.2
2025-01-19 15:10:00,16.7,62.7,40.7,0.83,159.3
2025-01-19 15:20:00,11.0,56.7,41.3,1.19,38.9
2025-01-19 15:30:00,17.4,60.7,41.8,0.43,14.6
2025-01-19 15:40:00,17.0,62.0,42.4,0.58,289.5
2025-01-19 15:50:00,14.2,54.3,43.0,0.14,119.3
2025-01-19 16:00:00,14.7,52.9,43.5,1.45,184.9
2025-01-19 16:10:00,13.2,50.8,44.1,1.04,33.1
2025-01-19 16:20:00,10.4,47.9,44.6,1.41,208.1
2025-01-19 16:30:00,12.7,50.9,45.2,0.47,280.4
2025-01-19 16:40:00,16.4,59.3,45.8,0.96,176.9
2025-01-19 16:50:00,10.0,55.0,46.3,1.05,46.6
2025-01-19 17:00:00,12.7,62.3,46.9,0.54,178.7
2025-01-19 17:10:00,13.2,51.1,47.5,1.29,232.2
2025-01-19 17:20:00,14.3,55.2,48.0,1.43,127.9
2025-01-19 17:30:00,17.4,55.8,48.6,1.34,265.2
2025-01-19 17:40:00,12.8,54.8,49.2,1.13,198.1
2025-01-19 17:50:00,12.8,57.6,49.7,0.49,270.8
2025-01-19 18:00:00,15.9,45.9,50.3,0.49,290.8
2025-01-19 18:10:00,13.6,52.8,50.8,1.45,148.1
2025-01-19 18:20:00,11.8,42.6,51.4,0.11,199.8
2025-01-19 18:30:00,13.6,49.6,52.0,1.1,168.5
2025-01-19 18:40:00,11.1,52.2,52.5,1.09,373.6
2025-01-19 18:50:00,11.4,56.3,53.1,0.97,330.5
2025-01-19 19:00:00,14.0,63.8,53.7,1.49,306.2
2025-01-19 19:10:00,13.4,55.0,54.2,0.54,197.3
2025-01-19 19:20:00,17.3,58.6,54.8,0.58,163.4
2025-01-19 19:30:00,12.9,52.7,55.4,0.21,329.4
2025-01-19 19:40:00,14.6,55.9,55.9,0.72,247.5
2025-01-19 19:50:00,15.1,41.8,56.5,0.47,175.5
2025-01-19 20:00:00,10.1,46.4,57.0,0.58,288.8
2025-01-19 20:10:00,15.3,49.0,57.6,1.27,121.7
2025-01-19 20:20:00,11.4,51.8,58.2,1.41,204.6
2025-01-19 20:30:00,17.7,41.1,58.7,0.36,245.9
2025-01-19 20:40:00,11.2,43.5,59.3,0.62,152.9
2025-01-19 20:50:00,13.3,46.9,59.9,1.4,395.5
2025-01-19 21:00:00,10.7,64.3,60.4,0.19,170.6
2025-01-19 21:10:00,18.0,48.3,61.0,0.23,147.8
2025-01-19 21:20:00,14.0,52.1,61.5,0.33,169.0
2025-01-19 21:30:00,14.8,44.9,62.1,0.93,333.0
2025-01-19 21:40:00,10.5,55.3,62.7,0.31,233.4
2025-01-19 21:50:00,16.0,47.0,63.2,1.46,274.0
2025-01-19 22:00:00,11.7,45.2,63.8,0.73,116.1
2025-01-19 22:10:00,17.2,52.9,64.4,0.8,120.0
2025-01-19 22:20:00,11.6,40.1,64.9,0.45,239.3
2025-01-19 22:30:00,11.5,40.2,65.5,0.76,346.8
2025-01-19 22:40:00,10.3,45.5,66.1,1.03,366.7
2025-01-19 22:50:00,13.8,40.9,66.6,1.15,135.1
2025-01-19 23:00:00,14.5,42.7,67.2,1.16,266.1
2025-01-19 23:10:00,10.5,48.5,67.7,0.91,374.8
2025-01-19 23:20:00,16.2,60.1,68.3,1.37,222.5
2025-01-19 23:30:00,13.6,54.3,68.9,1.24,350.6
2025-01-19 23:40:00,14.2,52.8,69.4,1.16,148.8
2025-01-19 23:50:00,13.5,47.3,70.0,0.18,381.3
2025-01-20 00:00:00,13.2,63.3,70.0,0.11,327.9
2025-01-20 00:10:00,14.5,49.9,69.4,0.4,383.0
2025-01-20 00:20:00,11.2,42.2,68.9,1.03,306.2
2025-01-20 00:30:00,11.5,55.4,68.3,0.68,215.4
2025-01-20 00:40:00,16.9,42.8,67.7,0.66,382.1
2025-01-20 00:50:00,17.6,48.6,67.2,1.34,189.9
2025-01-20 01:00:00,13.0,52.7,66.6,1.35,206.3
2025-01-20 01:10:00,12.2,61.9,66.1,1.37,313.2
2025-01-20 01:20:00,15.2,52.3,65.5,0.54,331.9
2025-01-20 01:30:00,13.3,57.6,64.9,1.07,379.5
2025-01-20 01:40:00,10.2,64.8,64.4,0.48,169.4
2025-01-20 01:50:00,11.2,43.3,63.8,0.37,341.4
2025-01-20 02:00:00,15.7,46.9,63.2,0.36,324.2
2025-01-20 02:10:00,15.3,49.9,62.7,0.58,128.5
2025-01-20 02:20:00,10.2,50.5,62.1,0.7,222.3
2025-01-20 02:30:00,11.8,50.3,61.5,1.26,192.0
2025-01-20 02:40:00,11.8,62.7,61.0,0.27,198.3
2025-01-20 02:50:00,15.4,57.9,60.4,1.13,395.1
2025-01-20 03:00:00,10.2,55.2,59.9,0.84,296.4
2025-01-20 03:10:00,10.8,47.7,59.3,0.5,318.1
2025-01-20 03:20:00,16.4,60.6,58.7,0.79,393.2
2025-01-20 03:30:00,11.4,63.9,58.2,0.52,219.4
2025-01-20 03:40:00,15.2,60.5,57.6,0.93,342.5
2025-01-20 03:50:00,11.9,40.0,57.0,0.71,236.0
2025-01-20 04:00:00,10.8,55.9,56.5,0.33,362.2
2025-01-20 04:10:00,11.9,41.3,55.9,0.26,162.4
2025-01-20 04:20:00,15.8,46.4,55.4,0.87,384.8
2025-01-20 04:30:00,16.8,41.5,54.8,1.36,173.4
2025-01-20 04:40:00,16.6,55.1,54.2,0.58,204.6
2025-01-20 04:50:00,13.2,57.2,53.7,1.13,329.3
2025-01-20 05:00:00,15.3,42.9,53.1,1.02,224.2
2025-01-20 05:10:00,11.6,49.6,52.5,1.4,286.4
2025-01-20 05:20:00,12.3,51.4,52.0,1.25,238.9
2025-01-20 05:30:00,17.2,49.2,51.4,0.89,325.3
2025-01-20 05:40:00,10.1,43.0,50.8,1.02,176.2
2025-01-20 05:50:00,10.7,50.5,50.3,1.36,127.0
2025-01-20 06:00:00,11.7,58.8,49.7,0.66,97.0
2025-01-20 06:10:00,10.2,41.8,49.2,0.56,147.5
2025-01-20 06:20:00,11.5,42.0,48.6,0.12,58.7
2025-01-20 06:30:00,14.7,48.9,48.0,1.26,112.9
2025-01-20 06:40:00,13.4,63.5,47.5,1.22,126.0
2025-01-20 06:50:00,17.1,56.7,46.9,0.25,26.6
2025-01-20 07:00:00,16.5,57.0,46.3,0.91,179.2
2025-01-20 07:10:00,12.7,49.0,45.8,0.75,266.5
2025-01-20 07:20:00,12.1,54.8,45.2,0.27,54.0
2025-01-20 07:30:00,13.0,40.3,44.6,1.47,183.4
2025-01-20 07:40:00,14.7,55.9,44.1,0.4,202.8
2025-01-20 07:50:00,12.1,62.8,43.5,0.19,131.6
2025-01-20 08:00:00,15.0,55.3,43.0,0.93,213.3
2025-01-20 08:10:00,13.3,61.8,42.4,1.13,129.1
2025-01-20 08:20:00,14.4,58.1,41.8,0.15,156.3
2025-01-20 08:30:00,13.5,43.0,41.3,1.02,12.1
2025-01-20 08:40:00,12.4,62.6,40.7,0.85,210.6
2025-01-20 08:50:00,17.6,41.7,40.1,0.24,201.8
2025-01-20 09:00:00,16.1,53.3,39.6,0.34,21.1
2025-01-20 09:10:00,11.1,43.6,39.0,0.9,116.8
2025-01-20 09:20:00,16.9,40.3,38.5,0.51,293.9
2025-01-20 09:30:00,13.9,50.6,37.9,1.41,132.0
2025-01-20 09:40:00,17.2,47.4,37.3,1.25,155.6
2025-01-20 09:50:00,16.4,52.2,36.8,1.48,273.9
2025-01-20 10:00:00,13.4,54.4,36.2,0.46,218.0
2025-01-20 10:10:00,10.2,41.1,35.6,1.46,178.8
2025-01-20 10:20:00,12.1,43.1,35.1,0.7,241.4
2025-01-20 10:30:00,14.3,54.0,34.5,0.59,260.7
2025-01-20 10:40:00,15.1,48.6,33.9,0.17,142.5
2025-01-20 10:50:00,12.1,58.2,33.4,0.17,147.8
2025-01-20 11:00:00,11.1,56.3,32.8,1.07,122.0
2025-01-20 11:10:00,16.7,61.1,32.3,0.74,290.3
2025-01-20 11:20:00,17.9,57.3,31.7,0.42,212.2
2025-01-20 11:30:00,14.2,50.7,31.1,0.96,34.1
2025-01-20 11:40:00,11.4,56.8,30.6,0.45,260.3
2025-01-20 11:50:00,12.2,46.9,30.0,0.91,149.4
2025-01-20 12:00:00,10.1,47.7,30.0,0.6,29.9
2025-01-20 12:10:00,17.3,59.7,30.6,1.25,169.4
2025-01-20 12:20:00,10.9,51.2,31.1,1.25,131.0
2025-01-20 12:30:00,14.6,60.0,31.7,0.77,264.5
2025-01-20 12:40:00,12.2,60.6,32.3,0.59,69.2
2025-01-20 12:50:00,14.4,61.4,32.8,0.61,249.7
2025-01-20 13:00:00,15.2,62.9,33.4,1.23,171.7
2025-01-20 13:10:00,16.6,50.8,33.9,0.56,25.8
2025-01-20 13:20:00,11.7,48.0,34.5,0.39,291.8
2025-01-20 13:30:00,10.1,54.6,35.1,0.22,158.7
2025-01-20 13:40:00,11.1,49.3,35.6,0.75,94.4
2025-01-20 13:50:00,17.2,55.0,36.2,0.77,146.1
2025-01-20 14:00:00,17.0,57.6,36.8,1.28,258.8
2025-01-20 14:10:00,14.8,57.2,37.3,0.41,98.4
2025-01-20 14:20:00,14.8,49.4,37.9,0.63,65.9
2025-01-20 14:30:00,15.3,44.2,38.5,1.23,47.4
2025-01-20 14:40:00,11.4,50.8,39.0,1.25,96.4
2025-01-20 14:50:00,17.3,43.6,39.6,0.64,236.2
2025-01-20 15:00:00,13.4,62.3,40.1,0.74,146.8
2025-01-20 15:10:00,13.1,48.6,40.7,0.52,76.0
2025-01-20 15:20:00,14.2,43.9,41.3,1.41,58.2
2025-01-20 15:30:00,10.4,40.6,41.8,0.27,106.5
2025-01-20 15:40:00,11.3,56.1,42.4,1.41,282.6
2025-01-20 15:50:00,15.9,55.9,43.0,1.06,109.5
2025-01-20 16:00:00,10.7,48.5,43.5,0.84,296.6
2025-01-20 16:10:00,14.8,41.8,44.1,0.15,150.7
2025-01-20 16:20:00,12.0,50.2,44.6,0.77,62.0
2025-01-20 16:30:00,13.1,47.8,45.2,0.67,268.4
2025-01-20 16:40:00,12.3,56.9,45.8,0.33,143.5
2025-01-20 16:50:00,12.8,55.1,46.3,1.02,215.8
2025-01-20 17:00:00,15.8,49.1,46.9,1.46,295.3
2025-01-20 17:10:00,12.4,45.4,47.5,0.89,24.6
2025-01-20 17:20:00,14.5,64.7,48.0,1.1,38.0
2025-01-20 17:30:00,13.8,51.4,48.6,0.2,218.9
2025-01-20 17:40:00,15.3,57.2,49.2,0.68,91.7
2025-01-20 17:50:00,17.5,43.5,49.7,0.26,63.4
2025-01-20 18:00:00,15.9,52.1,50.3,0.96,121.4
2025-01-20 18:10:00,11.7,40.7,50.8,1.41,116.3
2025-01-20 18:20:00,10.2,52.6,51.4,1.03,334.6
2025-01-20 18:30:00,12.1,64.1,52.0,0.21,149.0
2025-01-20 18:40:00,14.8,49.6,52.5,0.6,245.6
2025-01-20 18:50:00,10.4,41.0,53.1,0.87,285.7
2025-01-20 19:00:00,14.0,40.8,53.7,0.66,234.2
2025-01-20 19:10:00,14.8,49.7,54.2,1.27,117.9
2025-01-20 19:20:00,12.7,44.0,54.8,1.24,337.2
2025-01-20 19:30:00,16.2,40.6,55.4,0.96,113.0
2025-01-20 19:40:00,10.9,58.9,55.9,0.62,330.9
2025-01-20 19:50:00,10.6,51.5,56.5,0.46,369.1
2025-01-20 20:00:00,15.8,47.2,57.0,0.25,235.5
2025-01-20 20:10:00,14.0,62.5,57.6,0.6,265.3
2025-01-20 20:20:00,15.5,42.9,58.2,0.68,248.3
2025-01-20 20:30:00,13.5,63.9,58.7,1.05,222.9
2025-01-20 20:40:00,12.0,47.8,59.3,1.02,367.4
2025-01-20 20:50:00,16.6,62.2,59.9,0.2,369.2
2025-01-20 21:00:00,16.4,55.1,60.4,0.65,207.4
2025-01-20 21:10:00,15.6,60.7,61.0,0.35,288.4
2025-01-20 21:20:00,12.2,64.6,61.5,0.32,378.8
2025-01-20 21:30:00,14.7,47.2,62.1,1.26,389.0
2025-01-20 21:40:00,12.9,64.0,62.7,0.16,257.6
2025-01-20 21:50:00,10.7,49.7,63.2,0.69,241.3
2025-01-20 22:00:00,17.3,49.6,63.8,0.34,190.8
2025-01-20 22:10:00,11.1,48.5,64.4,1.33,388.1
2025-01-20 22:20:00,17.6,53.5,64.9,0.88,151.4
2025-01-20 22:30:00,13.6,43.9,65.5,0.42,278.2
2025-01-20 22:40:00,11.5,53.8,66.1,0.8,191.9
2025-01-20 22:50:00,14.3,53.5,66.6,1.12,190.9
2025-01-20 23:00:00,17.0,59.0,67.2,1.44,227.4
2025-01-20 23:10:00,15.9,60.8,67.7,0.41,399.6
2025-01-20 23:20:00,16.5,51.0,68.3,1.34,125.9
2025-01-20 23:30:00,15.3,47.6,68.9,1.41,277.8
2025-01-20 23:40:00,15.5,46.5,69.4,1.38,133.9
2025-01-20 23:50:00,16.8,44.9,70.0,0.99,154.8
2025-01-21 00:00:00,12.0,41.4,70.0,0.98,237.5
2025-01-21 00:10:00,13.9,48.6,69.4,0.66,258.0
2025-01-21 00:20:00,11.8,46.8,68.9,1.15,185.0
2025-01-21 00:30:00,17.9,64.2,68.3,0.84,201.8
2025-01-21 00:40:00,17.6,53.9,67.7,1.05,135.2
2025-01-21 00:50:00,10.3,48.7,67.2,0.7,197.9
2025-01-21 01:00:00,15.6,54.5,66.6,1.12,390.3
2025-01-21 01:10:00,17.4,43.5,66.1,1.25,384.0
2025-01-21 01:20:00,11.4,51.1,65.5,0.31,207.1
2025-01-21 01:30:00,14.5,55.7,64.9,1.27,275.5
2025-01-21 01:40:00,17.3,52.2,64.4,0.86,373.8
2025-01-21 01:50:00,10.3,50.0,63.8,1.28,111.8
2025-01-21 02:00:00,15.6,64.8,63.2,0.7,345.1
2025-01-21 02:10:00,12.4,62.0,62.7,0.63,385.0
2025-01-21 02:20:00,17.4,55.6,62.1,1.38,136.5
2025-01-21 02:30:00,17.8,54.2,61.5,0.45,156.8
2025-01-21 02:40:00,17.6,55.5,61.0,1.28,388.6
2025-01-21 02:50:00,13.8,45.0,60.4,0.78,265.9
2025-01-21 03:00:00,16.9,49.9,59.9,0.82,114.1
2025-01-21 03:10:00,16.8,41.0,59.3,0.53,184.7
2025-01-21 03:20:00,12.6,51.9,58.7,0.9,240.5
2025-01-21 03:30:00,16.6,53.6,58.2,0.56,310.9
2025-01-21 03:40:00,10.3,45.7,57.6,0.15,322.6
2025-01-21 03:50:00,14.8,64.1,57.0,0.48,398.7
2025-01-21 04:00:00,11.8,62.7,56.5,0.11,193.4
2025-01-21 04:10:00,11.0,58.1,55.9,1.47,266.1
2025-01-21 04:20:00,10.6,53.3,55.4,1.45,264.7
2025-01-21 04:30:00,15.6,61.7,54.8,0.65,227.6
2025-01-21 04:40:00,12.7,43.3,54.2,1.12,159.1
2025-01-21 04:50:00,15.8,59.8,53.7,0.58,393.5
2025-01-21 05:00:00,10.5,43.1,53.1,1.04,357.5
2025-01-21 05:10:00,12.5,59.9,52.5,1.23,254.5
2025-01-21 05:20:00,14.3,46.9,52.0,1.43,284.9
2025-01-21 05:30:00,16.3,61.9,51.4,0.66,175.9
2025-01-21 05:40:00,12.6,63.6,50.8,1.2,267.7
2025-01-21 05:50:00,15.0,43.7,50.3,0.47,311.5
2025-01-21 06:00:00,17.1,51.6,49.7,1.49,159.4
2025-01-21 06:10:00,14.9,64.5,49.2,0.14,297.2
2025-01-21 06:20:00,11.9,52.1,48.6,0.94,187.3
2025-01-21 06:30:00,10.2,61.6,48.0,1.02,117.6
2025-01-21 06:40:00,17.0,54.7,47.5,1.06,233.9
2025-01-21 06:50:00,10.2,49.4,46.9,0.27,59.4
2025-01-21 07:00:00,17.0,47.1,46.3,1.41,121.5
2025-01-21 07:10:00,14.2,45.1,45.8,0.35,110.6
2025-01-21 07:20:00,17.5,59.0,45.2,0.97,135.2
2025-01-21 07:30:00,16.4,49.7,44.6,0.41,236.7
2025-01-21 07:40:00,18.0,52.8,44.1,0.53,150.4
2025-01-21 07:50:00,12.8,52.3,43.5,0.87,240.3
2025-01-21 08:00:00,16.1,54.4,43.0,0.68,177.2
2025-01-21 08:10:00,13.2,61.6,42.4,0.32,109.2
2025-01-21 08:20:00,13.8,64.5,41.8,0.34,244.9
2025-01-21 08:30:00,15.0,50.2,41.3,0.69,79.1
2025-01-21 08:40:00,17.0,60.7,40.7,1.16,75.1
2025-01-21 08:50:00,17.9,59.1,40.1,1.36,156.3
2025-01-21 09:00:00,16.1,54.3,39.6,0.22,85.6
2025-01-21 09:10:00,13.3,63.9,39.0,0.65,12.6
2025-01-21 09:20:00,13.4,45.0,38.5,0.24,198.0
2025-01-21 09:30:00,15.9,42.7,37.9,0.12,158.2
2025-01-21 09:40:00,11.9,61.3,37.3,1.03,139.2
2025-01-21 09:50:00,10.9,51.0,36.8,0.94,290.4
2025-01-21 10:00:00,12.8,61.2,36.2,0.33,175.6
2025-01-21 10:10:00,12.3,62.3,35.6,0.43,260.4
2025-01-21 10:20:00,12.4,41.6,35.1,0.13,50.4
2025-01-21 10:30:00,11.9,62.1,34.5,1.27,175.1
2025-01-21 10:40:00,10.3,51.2,33.9,1.46,261.7
2025-01-21 10:50:00,10.1,52.8,33.4,0.29,179.1
2025-01-21 11:00:00,17.9,55.7,32.8,0.42,218.2
2025-01-21 11:10:00,13.4,63.2,32.3,1.32,117.9
2025-01-21 11:20:00,13.1,40.5,31.7,1.4,36.8
2025-01-21 11:30:00,15.4,51.9,31.1,0.69,142.8
2025-01-21 11:40:00,11.7,57.2,30.6,0.17,124.4
2025-01-21 11:50:00,17.6,58.1,30.0,0.16,261.4
2025-01-21 12:00:00,16.3,57.3,30.0,0.9,80.8
2025-01-21 12:10:00,10.7,43.4,30.6,0.65,290.4
2025-01-21 12:20:00,13.3,47.5,31.1,0.14,287.9
2025-01-21 12:30:00,17.0,49.0,31.7,0.92,81.8
2025-01-21 12:40:00,17.6,60.1,32.3,0.12,110.9
2025-01-21 12:50:00,13.7,47.0,32.8,1.2,269.7
2025-01-21 13:00:00,14.9,45.3,33.4,0.53,290.3
2025-01-21 13:10:00,11.3,63.9,33.9,0.16,138.6
2025-01-21 13:20:00,17.9,40.2,34.5,0.92,103.1
2025-01-21 13:30:00,11.9,64.9,35.1,0.66,162.6
2025-01-21 13:40:00,17.5,56.9,35.6,1.46,209.5
2025-01-21 13:50:00,15.2,60.7,36.2,0.86,89.3
2025-01-21 14:00:00,14.9,47.4,36.8,0.49,223.6
2025-01-21 14:10:00,14.1,40.4,37.3,1.09,25.0
2025-01-21 14:20:00,11.8,58.4,37.9,0.48,24.3
2025-01-21 14:30:00,11.4,60.9,38.5,1.37,122.0
2025-01-21 14:40:00,11.8,58.5,39.0,0.62,112.5
2025-01-21 14:50:00,11.5,43.6,39.6,0.87,101.5
2025-01-21 15:00:00,16.2,58.8,40.1,0.17,152.4
2025-01-21 15:10:00,12.8,59.2,40.7,0.7,103.0
2025-01-21 15:20:00,10.5,56.5,41.3,1.27,65.8
2025-01-21 15:30:00,17.8,59.2,41.8,1.23,99.7
2025-01-21 15:40:00,17.1,61.1,42.4,0.41,292.7
2025-01-21 15:50:00,17.4,55.3,43.0,0.42,129.2
2025-01-21 16:00:00,18.0,42.2,43.5,1.24,139.0
2025-01-21 16:10:00,11.4,52.2,44.1,1.4,177.2
2025-01-21 16:20:00,13.2,41.9,44.6,0.23,295.2
2025-01-21 16:30:00,16.1,50.2,45.2,0.73,80.1
2025-01-21 16:40:00,15.6,50.2,45.8,0.57,207.6
2025-01-21 16:50:00,11.2,41.7,46.3,1.32,217.6
2025-01-21 17:00:00,16.5,48.7,46.9,0.22,186.1
2025-01-21 17:10:00,11.8,42.8,47.5,0.4,35.7
2025-01-21 17:20:00,11.8,60.2,48.0,1.15,206.3
2025-01-21 17:30:00,14.3,63.7,48.6,0.17,28.6
2025-01-21 17:40:00,14.7,41.8,49.2,0.79,182.9
2025-01-21 17:50:00,14.6,63.9,49.7,0.72,224.5
2025-01-21 18:00:00,10.7,53.1,50.3,0.57,171.2
2025-01-21 18:10:00,17.0,47.5,50.8,0.65,354.1
2025-01-21 18:20:00,12.1,41.9,51.4,0.84,118.8
2025-01-21 18:30:00,11.0,52.5,52.0,0.33,354.7
2025-01-21 18:40:00,17.1,59.9,52.5,0.9,243.5
2025-01-21 18:50:00,17.6,57.7,53.1,1.23,173.1
2025-01-21 19:00:00,16.9,41.3,53.7,1.16,148.8
2025-01-21 19:10:00,16.5,41.8,54.2,0.32,386.5
2025-01-21 19:20:00,15.2,50.1,54.8,0.31,131.1
2025-01-21 19:30:00,14.4,47.4,55.4,0.48,167.7
2025-01-21 19:40:00,10.7,45.8,55.9,0.61,210.9
2025-01-21 19:50:00,13.3,47.0,56.5,0.67,289.9
2025-01-21 20:00:00,13.0,60.1,57.0,1.05,268.0
2025-01-21 20:10:00,12.1,63.2,57.6,0.18,146.4
2025-01-21 20:20:00,15.8,50.1,58.2,0.15,194.0
2025-01-21 20:30:00,14.0,62.7,58.7,0.65,179.2
2025-01-21 20:40:00,10.6,48.0,59.3,1.08,171.9
2025-01-21 20:50:00,11.8,51.9,59.9,0.37,229.2
2025-01-21 21:00:00,15.5,45.7,60.4,1.0,314.2
2025-01-21 21:10:00,10.6,56.0,61.0,0.46,173.1
2025-01-21 21:20:00,16.8,64.5,61.5,1.34,216.3
2025-01-21 21:30:00,14.0,55.1,62.1,1.35,223.4
2025-01-21 21:40:00,13.8,48.9,62.7,0.52,393.2
2025-01-21 21:50:00,14.7,56.2,63.2,0.42,386.9
2025-01-21 22:00:00,16.6,43.1,63.8,0.68,342.0
2025-01-21 22:10:00,12.8,62.2,64.4,0.44,180.1
2025-01-21 22:20:00,15.4,52.6,64.9,1.04,129.7
2025-01-21 22:30:00,14.5,51.2,65.5,1.26,201.9
2025-01-21 22:40:00,12.1,54.6,66.1,1.04,187.4
2025-01-21 22:50:00,17.0,55.6,66.6,1.25,256.7
2025-01-21 23:00:00,16.4,41.8,67.2,0.66,335.5
2025-01-21 23:10:00,15.3,57.1,67.7,0.32,358.9
2025-01-21 23:20:00,16.8,46.0,68.3,1.13,355.0
2025-01-21 23:30:00,16.9,57.8,68.9,0.6,214.3
2025-01-21 23:40:00,15.7,60.6,69.4,1.04,309.3
2025-01-21 23:50:00,16.7,60.1,70.0,0.48,200.7
2025-01-22 00:00:00,15.6,53.8,70.0,0.21,127.7
2025-01-22 00:10:00,15.4,53.0,69.4,1.49,313.5
2025-01-22 00:20:00,14.9,43.6,68.9,0.32,112.8
2025-01-22 00:30:00,16.0,59.4,68.3,1.48,228.7
2025-01-22 00:40:00,11.3,46.8,67.7,1.47,205.5
2025-01-22 00:50:00,17.0,52.4,67.2,1.21,311.1
2025-01-22 01:00:00,17.0,47.1,66.6,1.02,332.2
2025-01-22 01:10:00,10.2,43.3,66.1,0.91,198.2
2025-01-22 01:20:00,16.6,55.7,65.5,1.31,345.4
2025-01-22 01:30:00,11.0,41.4,64.9,0.51,195.2
2025-01-22 01:40:00,12.7,58.7,64.4,0.75,239.4
2025-01-22 01:50:00,15.9,47.9,63.8,0.97,320.8
2025-01-22 02:00:00,11.3,40.0,63.2,0.68,310.9
2025-01-22 02:10:00,16.5,52.8,62.7,0.7,396.3
2025-01-22 02:20:00,16.7,41.2,62.1,0.56,175.3
2025-01-22 02:30:00,14.1,46.9,61.5,0.89,302.1
2025-01-22 02:40:00,10.1,57.7,61.0,1.29,286.8
2025-01-22 02:50:00,12.3,41.6,60.4,0.38,375.4
2025-01-22 03:00:00,14.9,61.0,59.9,1.41,155.3
2025-01-22 03:10:00,17.8,40.1,59.3,1.06,328.0
2025-01-22 03:20:00,15.1,46.2,58.7,1.25,274.8
2025-01-22 03:30:00,12.1,58.5,58.2,0.88,189.7
2025-01-22 03:40:00,15.1,47.9,57.6,1.19,247.6
2025-01-22 03:50:00,14.3,42.5,57.0,0.12,206.8
2025-01-22 04:00:00,16.2,49.0,56.5,1.25,278.0
2025-01-22 04:10:00,10.9,46.8,55.9,0.16,367.8
2025-01-22 04:20:00,16.1,61.1,55.4,1.35,275.1
2025-01-22 04:30:00,14.3,47.8,54.8,1.49,293.2
2025-01-22 04:40:00,17.7,59.7,54.2,0.51,260.4
2025-01-22 04:50:00,12.7,62.3,53.7,0.39,124.8
2025-01-22 05:00:00,15.1,50.8,53.1,1.17,177.5
2025-01-22 05:10:00,17.5,62.7,52.5,0.45,252.7
2025-01-22 05:20:00,10.8,49.4,52.0,1.31,200.0
2025-01-22 05:30:00,17.5,64.1,51.4,0.24,162.7
2025-01-22 05:40:00,15.5,42.2,50.8,0.28,256.2
2025-01-22 05:50:00,10.5,57.2,50.3,1.47,203.6
2025-01-22 06:00:00,12.4,52.3,49.7,1.04,84.9
2025-01-22 06:10:00,15.7,49.7,49.2,1.29,144.6
2025-01-22 06:20:00,10.5,55.8,48.6,0.55,48.7
2025-01-22 06:30:00,14.7,57.6,48.0,1.05,279.0
2025-01-22 06:40:00,12.8,40.1,47.5,0.93,261.6
2025-01-22 06:50:00,15.0,44.2,46.9,0.94,215.2
2025-01-22 07:00:00,10.4,57.8,46.3,1.06,40.8
2025-01-22 07:10:00,17.0,56.7,45.8,0.91,235.0
2025-01-22 07:20:00,17.8,64.2,45.2,0.7,244.3
2025-01-22 07:30:00,17.8,59.0,44.6,0.49,232.7
2025-01-22 07:40:00,16.0,63.8,44.1,1.18,43.1
2025-01-22 07:50:00,11.0,57.6,43.5,0.42,196.7
2025-01-22 08:00:00,16.1,47.5,43.0,1.07,252.0
2025-01-22 08:10:00,10.2,42.6,42.4,0.43,177.4
2025-01-22 08:20:00,10.2,59.5,41.8,0.98,197.5
2025-01-22 08:30:00,12.6,56.1,41.3,1.15,142.9
2025-01-22 08:40:00,13.9,41.2,40.7,0.41,163.3
2025-01-22 08:50:00,16.2,49.0,40.1,0.18,20.0
2025-01-22 09:00:00,15.5,63.9,39.6,0.28,195.3
2025-01-22 09:10:00,13.6,52.5,39.0,0.95,33.6
2025-01-22 09:20:00,12.2,50.8,38.5,1.29,136.2
2025-01-22 09:30:00,18.0,51.4,37.9,0.16,94.9
2025-01-22 09:40:00,13.4,45.2,37.3,1.13,168.2
2025-01-22 09:50:00,13.6,49.2,36.8,0.58,48.7
2025-01-22 10:00:00,11.3,49.2,36.2,0.77,210.6
2025-01-22 10:10:00,16.4,41.3,35.6,1.4,240.6
2025-01-22 10:20:00,15.5,59.2,35.1,0.56,57.4
2025-01-22 10:30:00,11.8,50.4,34.5,0.75,40.3
2025-01-22 10:40:00,10.7,60.6,33.9,0.12,52.2
2025-01-22 10:50:00,15.4,61.3,33.4,0.21,264.4
2025-01-22 11:00:00,15.2,45.3,32.8,0.46,163.2
2025-01-22 11:10:00,12.2,56.4,32.3,0.14,145.5
2025-01-22 11:20:00,17.6,51.8,31.7,0.98,40.9
2025-01-22 11:30:00,11.2,62.0,31.1,0.7,198.4
2025-01-22 11:40:00,13.5,45.4,30.6,0.87,261.7
2025-01-22 11:50:00,17.5,56.9,30.0,0.34,250.2
2025-01-22 12:00:00,13.4,55.2,30.0,0.51,191.6
2025-01-22 12:10:00,15.1,47.4,30.6,1.03,31.8
2025-01-22 12:20:00,13.2,43.4,31.1,1.45,42.6
2025-01-22 12:30:00,12.2,56.3,31.7,0.17,24.3
2025-01-22 12:40:00,17.9,58.5,32.3,1.35,84.7
2025-01-22 12:50:00,13.3,47.9,32.8,0.91,49.3
2025-01-22 13:00:00,17.2,56.1,33.4,0.89,85.4
2025-01-22 13:10:00,11.8,49.9,33.9,0.8,121.7
2025-01-22 13:20:00,11.7,57.8,34.5,0.2,283.5
2025-01-22 13:30:00,10.2,45.0,35.1,0.23,187.0
2025-01-22 13:40:00,15.2,62.3,35.6,0.94,252.1
2025-01-22 13:50:00,12.9,47.2,36.2,0.58,216.0
2025-01-22 14:00:00,16.9,49.2,36.8,1.38,42.6
2025-01-22 14:10:00,13.8,41.5,37.3,0.67,223.4
2025-01-22 14:20:00,17.7,42.8,37.9,0.3,89.8
2025-01-22 14:30:00,11.5,52.9,38.5,1.1,195.3
2025-01-22 14:40:00,16.9,46.7,39.0,0.51,108.9
2025-01-22 14:50:00,16.2,60.9,39.6,0.84,299.3
2025-01-22 15:00:00,16.2,40.4,40.1,1.08,86.4
2025-01-22 15:10:00,16.8,49.5,40.7,1.36,90.9
2025-01-22 15:20:00,16.1,48.4,41.3,1.21,279.9
2025-01-22 15:30:00,15.0,40.5,41.8,1.05,17.1
2025-01-22 15:40:00,11.0,43.1,42.4,1.05,212.0
2025-01-22 15:50:00,10.3,50.3,43.0,1.42,220.3
2025-01-22 16:00:00,17.4,52.3,43.5,0.51,252.5
2025-01-22 16:10:00,14.9,50.1,44.1,0.1,292.6
2025-01-22 16:20:00,16.4,53.3,44.6,0.48,292.9
2025-01-22 16:30:00,13.9,54.9,45.2,0.41,28.9
2025-01-22 16:40:00,10.9,40.2,45.8,1.03,248.3
2025-01-22 16:50:00,11.0,51.6,46.3,0.99,197.4
2025-01-22 17:00:00,15.5,64.1,46.9,0.93,197.7
2025-01-22 17:10:00,13.4,53.0,47.5,0.12,47.2
2025-01-22 17:20:00,11.6,56.9,48.0,1.12,198.6
2025-01-22 17:30:00,13.9,47.8,48.6,0.55,294.9
2025-01-22 17:40:00,10.5,59.3,49.2,1.03,274.4
2025-01-22 17:50:00,14.7,59.3,49.7,0.88,137.3
2025-01-22 18:00:00,12.2,53.0,50.3,0.58,121.6
2025-01-22 18:10:00,16.4,64.4,50.8,0.29,215.1
2025-01-22 18:20:00,12.5,43.1,51.4,0.23,349.7
2025-01-22 18:30:00,13.6,40.4,52.0,1.26,313.4
2025-01-22 18:40:00,10.1,59.3,52.5,1.39,243.2
2025-01-22 18:50:00,10.6,60.2,53.1,1.01,126.0
2025-01-22 19:00:00,13.1,43.0,53.7,0.24,233.8
2025-01-22 19:10:00,13.8,46.6,54.2,0.66,246.0
2025-01-22 19:20:00,14.8,40.4,54.8,1.12,379.3
2025-01-22 19:30:00,12.3,47.3,55.4,1.19,295.9
2025-01-22 19:40:00,15.6,59.3,55.9,0.27,200.4
2025-01-22 19:50:00,16.9,52.9,56.5,0.1,262.3
2025-01-22 20:00:00,16.2,48.7,57.0,1.1,129.2
2025-01-22 20:10:00,10.3,49.3,57.6,0.6,392.0
2025-01-22 20:20:00,13.8,40.0,58.2,0.46,214.4
2025-01-22 20:30:00,10.8,47.5,58.7,0.12,248.6
2025-01-22 20:40:00,11.9,56.2,59.3,0.86,213.0
2025-01-22 20:50:00,17.9,64.4,59.9,1.29,307.9
2025-01-22 21:00:00,11.1,61.2,60.4,1.44,302.0
2025-01-22 21:10:00,14.0,40.6,61.0,0.89,317.4
2025-01-22 21:20:00,14.9,62.5,61.5,0.82,187.8
2025-01-22 21:30:00,15.6,59.6,62.1,0.22,201.5
2025-01-22 21:40:00,14.5,59.5,62.7,0.87,146.3
2025-01-22 21:50:00,10.1,51.4,63.2,0.63,300.1
2025-01-22 22:00:00,12.6,50.0,63.8,0.95,121.5
2025-01-22 22:10:00,14.1,47.6,64.4,0.64,283.3
2025-01-22 22:20:00,10.7,41.6,64.9,0.44,362.2
2025-01-22 22:30:00,12.8,45.7,65.5,0.23,368.3
2025-01-22 22:40:00,10.3,46.2,66.1,0.54,240.2
2025-01-22 22:50:00,10.6,52.1,66.6,0.24,243.2
2025-01-22 23:00:00,13.2,58.7,67.2,0.35,132.3
2025-01-22 23:10:00,11.1,51.8,67.7,1.48,304.5
2025-01-22 23:20:00,14.5,41.4,68.3,0.72,348.2
2025-01-22 23:30:00,15.5,63.9,68.9,0.84,180.9
2025-01-22 23:40:00,16.4,63.6,69.4,1.32,232.2
2025-01-22 23:50:00,11.6,59.6,70.0,1.49,353.3
2025-01-23 00:00:00,11.3,64.8,70.0,0.92,364.4
2025-01-23 00:10:00,10.8,53.6,69.4,1.24,180.5
2025-01-23 00:20:00,15.1,64.1,68.9,0.56,269.7
2025-01-23 00:30:00,15.7,41.9,68.3,0.53,165.8
2025-01-23 00:40:00,10.3,49.1,67.7,0.66,139.5
2025-01-23 00:50:00,17.5,45.6,67.2,1.04,374.2
2025-01-23 01:00:00,10.4,44.9,66.6,1.06,347.9
2025-01-23 01:10:00,14.3,43.5,66.1,0.54,330.4
2025-01-23 01:20:00,15.7,55.6,65.5,0.29,124.1
2025-01-23 01:30:00,17.0,59.5,64.9,0.99,354.7
2025-01-23 01:40:00,15.7,54.5,64.4,0.28,237.0
2025-01-23 01:50:00,16.4,43.7,63.8,0.91,209.3
2025-01-23 02:00:00,12.7,60.3,63.2,1.07,268.5
2025-01-23 02:10:00,16.5,55.9,62.7,1.08,136.5
2025-01-23 02:20:00,10.6,49.7,62.1,1.15,329.4
2025-01-23 02:30:00,17.2,56.9,61.5,1.32,278.9
2025-01-23 02:40:00,14.4,46.5,61.0,0.8,164.1
2025-01-23 02:50:00,16.5,48.6,60.4,1.12,164.6
2025-01-23 03:00:00,13.6,62.9,59.9,0.97,163.4
2025-01-23 03:10:00,15.1,47.3,59.3,0.36,126.5
2025-01-23 03:20:00,14.2,51.7,58.7,0.14,280.5
2025-01-23 03:30:00,15.9,62.3,58.2,0.5,353.7
2025-01-23 03:40:00,10.7,57.7,57.6,0.72,115.1
2025-01-23 03:50:00,10.5,41.6,57.0,0.96,124.2
2025-01-23 04:00:00,12.0,43.7,56.5,1.29,276.1
2025-01-23 04:10:00,11.3,40.2,55.9,0.37,347.7
2025-01-23 04:20:00,17.0,55.8,55.4,0.28,204.8
2025-01-23 04:30:00,11.8,51.2,54.8,1.45,211.4
2025-01-23 04:40:00,17.8,43.4,54.2,0.25,282.9
2025-01-23 04:50:00,12.7,63.9,53.7,0.77,189.5
2025-01-23 05:00:00,11.5,53.2,53.1,0.92,117.7
2025-01-23 05:10:00,16.3,46.0,52.5,0.86,323.2
2025-01-23 05:20:00,15.3,52.5,52.0,0.22,291.4
2025-01-23 05:30:00,14.0,57.0,51.4,0.18,278.4
2025-01-23 05:40:00,14.4,41.9,50.8,0.25,325.1
2025-01-23 05:50:00,15.8,46.9,50.3,0.92,305.8
2025-01-23 06:00:00,11.8,60.2,49.7,0.86,69.7
2025-01-23 06:10:00,18.0,51.5,49.2,0.43,112.2
2025-01-23 06:20:00,17.8,53.7,48.6,0.99,46.6
2025-01-23 06:30:00,15.2,50.8,48.0,1.25,47.7
2025-01-23 06:40:00,11.6,41.1,47.5,0.16,206.1
2025-01-23 06:50:00,15.4,44.1,46.9,0.8,259.0
2025-01-23 07:00:00,10.6,51.1,46.3,1.07,289.2
2025-01-23 07:10:00,10.2,45.2,45.8,0.45,192.2
2025-01-23 07:20:00,12.1,41.2,45.2,0.53,63.4
2025-01-23 07:30:00,13.7,61.1,44.6,0.96,40.6
2025-01-23 07:40:00,16.9,64.5,44.1,1.36,245.7
2025-01-23 07:50:00,15.8,59.8,43.5,1.23,177.8
2025-01-23 08:00:00,15.9,61.3,43.0,0.92,189.3
2025-01-23 08:10:00,13.4,46.0,42.4,1.12,236.6
2025-01-23 08:20:00,12.8,64.0,41.8,0.61,214.0
2025-01-23 08:30:00,13.0,44.9,41.3,1.0,252.0
2025-01-23 08:40:00,17.9,63.8,40.7,0.75,26.3
2025-01-23 08:50:00,10.3,64.9,40.1,0.37,226.8
2025-01-23 09:00:00,16.9,57.8,39.6,1.08,256.7
2025-01-23 09:10:00,14.6,64.5,39.0,0.88,93.0
2025-01-23 09:20:00,13.5,54.2,38.5,0.6,195.7
2025-01-23 09:30:00,15.8,46.5,37.9,1.38,101.1
2025-01-23 09:40:00,13.9,50.9,37.3,0.13,287.8
2025-01-23 09:50:00,17.0,54.8,36.8,0.54,19.7
2025-01-23 10:00:00,17.2,41.8,36.2,0.18,178.1
2025-01-23 10:10:00,13.4,55.6,35.6,1.17,58.3
2025-01-23 10:20:00,12.2,64.5,35.1,1.08,216.5
2025-01-23 10:30:00,14.7,44.8,34.5,0.56,61.0
2025-01-23 10:40:00,17.3,59.8,33.9,1.05,78.3
2025-01-23 10:50:00,11.7,62.7,33.4,0.65,153.4
2025-01-23 11:00:00,15.0,63.6,32.8,1.16,275.3
2025-01-23 11:10:00,15.1,64.0,32.3,0.74,71.4
2025-01-23 11:20:00,15.9,53.0,31.7,0.68,51.8
2025-01-23 11:30:00,11.1,64.4,31.1,1.41,230.1
2025-01-23 11:40:00,15.7,58.9,30.6,0.45,155.2
2025-01-23 11:50:00,17.3,44.0,30.0,0.27,274.4
2025-01-23 12:00:00,11.4,51.9,30.0,0.92,52.5
2025-01-23 12:10:00,11.9,58.0,30.6,1.46,197.3
2025-01-23 12:20:00,17.8,46.2,31.1,0.63,77.5
2025-01-23 12:30:00,11.4,56.0,31.7,0.19,55.5
2025-01-23 12:40:00,16.8,56.7,32.3,0.58,208.2
2025-01-23 12:50:00,13.9,44.1,32.8,0.81,182.2
2025-01-23 13:00:00,12.0,54.1,33.4,0.33,228.9
2025-01-23 13:10:00,17.0,59.3,33.9,1.02,99.7
2025-01-23 13:20:00,13.6,52.5,34.5,1.5,139.9
2025-01-23 13:30:00,14.1,40.3,35.1,0.73,127.6
2025-01-23 13:40:00,12.9,40.2,35.6,0.6,295.4
2025-01-23 13:50:00,14.7,48.9,36.2,0.66,94.8
2025-01-23 14:00:00,11.3,63.2,36.8,0.26,95.5
2025-01-23 14:10:00,13.1,45.7,37.3,1.34,112.8
2025-01-23 14:20:00,17.8,55.9,37.9,0.68,173.7
2025-01-23 14:30:00,12.1,45.6,38.5,0.64,83.2
2025-01-23 14:40:00,15.3,48.0,39.0,1.02,275.4
2025-01-23 14:50:00,12.6,61.2,39.6,0.72,87.0
2025-01-23 15:00:00,16.2,58.2,40.1,1.01,269.8
2025-01-23 15:10:00,11.0,42.4,40.7,0.19,40.0
2025-01-23 15:20:00,17.8,50.7,41.3,1.24,200.4
2025-01-23 15:30:00,13.6,40.7,41.8,1.42,273.0
2025-01-23 15:40:00,11.9,52.0,42.4,1.01,58.9
2025-01-23 15:50:00,10.6,56.6,43.0,1.44,290.8
2025-01-23 16:00:00,11.4,43.0,43.5,0.31,141.3
2025-01-23 16:10:00,14.2,47.2,44.1,0.77,284.3
2025-01-23 16:20:00,12.7,49.9,44.6,0.94,206.3
2025-01-23 16:30:00,16.6,63.0,45.2,0.91,97.5
2025-01-23 16:40:00,13.4,64.8,45.8,0.66,64.6
2025-01-23 16:50:00,12.0,41.1,46.3,0.57,98.1
2025-01-23 17:00:00,14.9,59.0,46.9,0.28,37.0
2025-01-23 17:10:00,15.7,49.3,47.5,0.65,51.7
2025-01-23 17:20:00,11.3,49.8,48.0,0.33,40.4
2025-01-23 17:30:00,11.3,58.9,48.6,1.13,132.7
2025-01-23 17:40:00,10.3,63.0,49.2,0.39,240.7
2025-01-23 17:50:00,15.9,63.8,49.7,0.18,51.0
2025-01-23 18:00:00,15.3,54.4,50.3,0.87,147.8
2025-01-23 18:10:00,13.8,48.9,50.8,0.93,296.6
2025-01-23 18:20:00,16.8,59.7,51.4,1.32,167.2
2025-01-23 18:30:00,16.4,46.3,52.0,0.91,138.3
2025-01-23 18:40:00,14.7,54.1,52.5,0.58,158.4
2025-01-23 18:50:00,16.9,49.0,53.1,1.22,377.9
2025-01-23 19:00:00,11.6,56.4,53.7,0.86,348.2
2025-01-23 19:10:00,10.9,46.0,54.2,0.21,212.7
2025-01-23 19:20:00,12.2,44.8,54.8,0.89,300.2
2025-01-23 19:30:00,10.5,63.0,55.4,1.37,265.8
2025-01-23 19:40:00,14.2,42.5,55.9,0.65,306.4
2025-01-23 19:50:00,17.5,52.6,56.5,0.51,308.0
2025-01-23 20:00:00,10.3,45.5,57.0,0.3,292.3
2025-01-23 20:10:00,11.0,41.0,57.6,0.31,187.2
2025-01-23 20:20:00,13.6,40.9,58.2,0.71,121.3
2025-01-23 20:30:00,17.5,44.4,58.7,0.93,242.1
2025-01-23 20:40:00,12.5,61.7,59.3,0.21,368.4
2025-01-23 20:50:00,14.1,47.1,59.9,1.42,275.2
2025-01-23 21:00:00,10.3,63.8,60.4,1.16,351.4
2025-01-23 21:10:00,11.2,54.5,61.0,0.92,397.6
2025-01-23 21:20:00,17.9,50.9,61.5,1.26,157.4
2025-01-23 21:30:00,17.7,54.5,62.1,0.21,310.6
2025-01-23 21:40:00,10.0,52.9,62.7,0.77,305.5
2025-01-23 21:50:00,17.6,59.0,63.2,0.98,394.2
2025-01-23 22:00:00,15.1,47.1,63.8,1.26,395.8
2025-01-23 22:10:00,16.9,48.8,64.4,1.2,309.1
2025-01-23 22:20:00,13.6,62.4,64.9,0.49,180.6
2025-01-23 22:30:00,14.1,63.7,65.5,1.42,341.6
2025-01-23 22:40:00,13.9,62.3,66.1,0.27,141.0
2025-01-23 22:50:00,15.3,50.5,66.6,1.33,336.4
2025-01-23 23:00:00,11.1,59.5,67.2,1.46,374.0
2025-01-23 23:10:00,10.2,51.9,67.7,0.35,221.0
2025-01-23 23:20:00,12.5,52.4,68.3,1.11,292.9
2025-01-23 23:30:00,15.6,45.1,68.9,0.16,234.7
2025-01-23 23:40:00,11.6,54.8,69.4,0.67,237.0
2025-01-23 23:50:00,15.4,44.7,70.0,0.82,200.0
